Aeugst am Albis,8914,1
Aeugstertal,8914,1
Zwillikon,8909,2
Affoltern am Albis,8910,2
Bonstetten,8906,3
Hausen am Albis,8915,4
Ebertswil,8925,4
Hedingen,8908,5
Kappel am Albis,8926,6
Hauptikon,8926,6
Uerzlikon,8926,6
Knonau,8934,7
Maschwanden,8933,8
Mettmenstetten,8932,9
Obfelden,8912,10
Ottenbach,8913,11
Rifferswil,8911,12
Stallikon,8143,13
Uetliberg,8143,13
Wettswil,8907,14
Adlikon b. Andelfingen,8452,21
Benken ZH,8463,22
Berg am Irchel,8415,23
Gräslikon,8415,23
Buch am Irchel,8414,24
Dachsen,8447,25
Dorf,8458,26
Feuerthalen,8245,27
Langwiesen,8246,27
Flaach,8416,28
Flurlingen,8247,29
Andelfingen,8450,30
Henggart,8444,31
Humlikon,8457,32
Kleinandelfingen,8451,33
Alten,8453,33
Oerlingen,8461,33
Nohl,8212,34
Uhwiesen,8248,34
Marthalen,8460,35
Ellikon am Rhein,8464,35
Ossingen,8475,37
Rheinau,8462,38
Thalheim an der Thur,8478,39
Rudolfingen,8465,40
Wildensbuch,8465,40
Trüllikon,8466,40
Truttikon,8467,41
Volken,8459,43
Bachenbülach,8184,51
Bassersdorf,8303,52
Bülach,8180,53
Dietlikon,8305,54
Eglisau,8193,55
Embrach,8424,56
Freienstein,8427,57
Teufen ZH,8428,57
Glattfelden,8192,58
Zweidlen,8192,58
Hochfelden,8182,59
Höri,8181,60
Hüntwangen,8194,61
Kloten,8302,62
Lufingen,8426,63
Nürensdorf,8309,64
Oberembrach,8425,65
Glattbrugg,8152,66
Opfikon,8152,66
Glattpark (Opfikon),8152,66
Rafz,8197,67
Rorbas,8427,68
Wallisellen,8304,69
Wasterkingen,8195,70
Wil ZH,8196,71
Winkel,8185,72
Bachs,8164,81
Boppelsen,8113,82
Buchs ZH,8107,83
Dällikon,8108,84
Dänikon ZH,8114,85
Dielsdorf,8157,86
Hüttikon,8115,87
Neerach,8173,88
Niederglatt ZH,8172,89
Niederhasli,8155,90
Nassenwil,8155,90
Oberhasli,8156,90
Niederweningen,8166,91
Oberglatt ZH,8154,92
Oberweningen,8165,93
Otelfingen,8112,94
Regensberg,8158,95
Regensdorf,8105,96
Watt,8105,96
Adlikon b. Regensdorf,8106,96
Rümlang,8153,97
Schleinikon,8165,98
Schöfflisdorf,8165,99
Stadel b. Niederglatt,8174,100
Windlach,8175,100
Steinmaur,8162,101
Sünikon,8162,101
Weiach,8187,102
Bäretswil,8344,111
Adetswil,8345,111
Bubikon,8608,112
Wolfhausen,8633,112
Tann,8632,113
Dürnten,8635,113
Steg im Tösstal,8496,114
Fischenthal,8497,114
Gibswil,8498,114
Bertschikon (Gossau ZH),8614,115
Grüt (Gossau ZH),8624,115
Gossau ZH,8625,115
Ottikon (Gossau ZH),8626,115
Grüningen,8627,116
Hinwil,8340,117
Wernetshausen,8342,117
Rüti ZH,8630,118
Aathal-Seegräben,8607,119
Wald ZH,8636,120
Laupen ZH,8637,120
Wetzikon ZH,8620,121
Wetzikon ZH,8623,121
Adliswil,8134,131
Kilchberg ZH,8802,135
Langnau am Albis,8135,136
Oberrieden,8942,137
Richterswil,8805,138
Samstagern,8833,138
Rüschlikon,8803,139
Gattikon,8136,141
Thalwil,8800,141
Erlenbach ZH,8703,151
Herrliberg,8704,152
Hombrechtikon,8634,153
Feldbach,8714,153
Forch,8127,154
Küsnacht ZH,8700,154
Männedorf,8708,155
Meilen,8706,156
Oetwil am See,8618,157
Stäfa,8712,158
Uerikon,8713,158
Uetikon am See,8707,159
Zumikon,8126,160
Zollikerberg,8125,161
Zollikon,8702,161
Fehraltorf,8320,172
Hittnau,8335,173
Kemptthal,8310,176
Grafstal,8310,176
Winterberg ZH,8312,176
Lindau,8315,176
Tagelswangen,8317,176
Pfäffikon ZH,8330,177
Auslikon,8331,177
Madetswil,8322,178
Gündisau,8322,178
Russikon,8332,178
Rumlikon,8332,178
Weisslingen,8484,180
Neschwil,8484,180
Theilingen,8484,180
Wila,8492,181
Wildberg,8489,182
Schalchen,8489,182
Ehrikon,8489,182
Gockhausen,8044,191
Dübendorf,8600,191
Egg b. Zürich,8132,192
Hinteregg,8132,192
Esslingen,8133,192
Fällanden,8117,193
Pfaffhausen,8118,193
Benglen,8121,193
Greifensee,8606,194
Binz,8122,195
Ebmatingen,8123,195
Maur,8124,195
Mönchaltorf,8617,196
Schwerzenbach,8603,197
Nänikon,8606,198
Uster,8610,198
Sulzbach,8614,198
Wermatswil,8615,198
Freudwil,8615,198
Riedikon,8616,198
Volketswil,8604,199
Gutenswil,8605,199
Brüttisellen,8306,200
Wangen b. Dübendorf,8602,200
Altikon,8479,211
Brütten,8311,213
Rutschwil (Dägerlen),8471,214
Dägerlen,8471,214
Oberwil (Dägerlen),8471,214
Berg (Dägerlen),8471,214
Bänk (Dägerlen),8471,214
Dättlikon,8421,215
Dinhard,8474,216
Ellikon an der Thur,8548,218
Elsau,8352,219
Hagenbuch ZH,8523,220
Hettlingen,8442,221
Aesch (Neftenbach),8412,223
Riet (Neftenbach),8412,223
Hünikon (Neftenbach),8412,223
Neftenbach,8413,223
Pfungen,8422,224
Rickenbach ZH,8545,225
Rickenbach Sulz,8545,225
Schlatt ZH,8418,226
Seuzach,8472,227
Turbenthal,8488,228
Schmidrüti,8495,228
Ricketwil (Winterthur),8352,230
Winterthur,8400,230
Winterthur,8404,230
Reutlingen (Winterthur),8404,230
Stadel (Winterthur),8404,230
Winterthur,8405,230
Winterthur,8406,230
Winterthur,8408,230
Winterthur,8409,230
Sennhof (Winterthur),8482,230
Kollbrunn,8483,231
Rikon im Tösstal,8486,231
Zell ZH,8487,231
Rämismühle,8487,231
Aesch ZH,8904,241
Birmensdorf ZH,8903,242
Dietikon,8953,243
Fahrweid,8951,244
Geroldswil,8954,244
Oberengstringen,8102,245
Oetwil an der Limmat,8955,246
Schlieren,8952,247
Uitikon Waldegg,8142,248
Unterengstringen,8103,249
Urdorf,8902,250
Weiningen ZH,8104,251
Zürich,8001,261
Zürich,8002,261
Zürich,8003,261
Zürich,8004,261
Zürich,8005,261
Zürich,8006,261
Zürich,8008,261
Zürich,8032,261
Zürich,8037,261
Zürich,8038,261
Zürich,8041,261
Zürich,8044,261
Zürich,8045,261
Zürich,8046,261
Zürich,8047,261
Zürich,8048,261
Zürich,8049,261
Zürich,8050,261
Zürich,8051,261
Zürich,8052,261
Zürich,8053,261
Zürich,8055,261
Zürich,8057,261
Zürich,8064,261
Waltalingen,8468,292
Guntalingen,8468,292
Unterstammheim,8476,292
Oberstammheim,8477,292
Wilen b. Neunforn,8525,292
Au ZH,8804,293
Wädenswil,8820,293
Schönenberg ZH,8824,293
Hütten,8825,293
Elgg,8353,294
Hofstetten ZH,8354,294
Dickbuch,8354,294
Sihlbrugg Station,8135,295
Sihlwald,8135,295
Horgen,8810,295
Horgenberg,8815,295
Hirzel,8816,295
Effretikon,8307,296
Ottikon b. Kemptthal,8307,296
Illnau,8308,296
Agasul,8308,296
Kyburg,8314,296
Saland,8493,297
Bauma,8494,297
Sternenberg,8499,297
Wiesendangen,8542,298
Bertschikon,8543,298
Gundetswil,8543,298
Kefikon ZH,8543,298
Attikon,8544,298
Menzengrüt,8546,298
Aarberg,3270,301
Bargen BE,3282,302
Grossaffoltern,3257,303
Ammerzwil BE,3257,303
Suberg,3262,303
Golaten,3207,304
Kallnach,3283,304
Niederried b. Kallnach,3283,304
Kappelen,3273,305
Lyss,3250,306
Busswil BE,3292,306
Ortschwaben,3042,307
Meikirch,3045,307
Wahlendorf,3046,307
Detligen,3036,309
Radelfingen b. Aarberg,3271,309
Lätti,3053,310
Ruppoldsried,3251,310
Rapperswil BE,3255,310
Dieterswil,3256,310
Bangerten b. Dieterswil,3256,310
Seewil,3256,310
Schüpfen,3054,311
Frieswil,3035,312
Wiler b. Seedorf,3266,312
Seedorf BE,3267,312
Lobsigen,3268,312
Aarwangen,4912,321
Auswil,4944,322
Bannwil,4913,323
Bleienbach,3368,324
Busswil b. Melchnau,4917,325
Gondiswil,4955,326
Langenthal,4900,329
Untersteckholz,4916,329
Lotzwil,4932,331
Gutenburg,4932,332
Madiswil,4934,332
Leimiswil,4935,332
Kleindietwil,4936,332
Melchnau,4917,333
Obersteckholz,4924,334
Oeschenbach,4943,335
Reisiswil,4919,336
Roggwil BE,4914,337
Rohrbach,4938,338
Rohrbachgraben,4938,339
Rütschelen,4933,340
Schwarzhäusern,4911,341
Bützberg,4922,342
Thunstetten,4922,342
Ursenbach,4937,344
Wynau,4923,345
Bern,3004,351
Bern,3005,351
Bern,3006,351
Bern,3007,351
Bern,3008,351
Bern,3010,351
Bern,3011,351
Bern,3012,351
Bern,3013,351
Bern,3014,351
Bern,3015,351
Bern,3018,351
Bern,3019,351
Bern,3020,351
Bern,3027,351
Bolligen,3065,352
Bremgarten b. Bern,3047,353
Herrenschwanden,3037,354
Kirchlindach,3038,354
Wabern,3084,355
Spiegel b. Bern,3095,355
Liebefeld,3097,355
Köniz,3098,355
Köniz,3098,355
Schliern b. Köniz,3098,355
Gasel,3144,355
Niederscherli,3145,355
Mittelhäusern,3147,355
Niederwangen b. Bern,3172,355
Oberwangen b. Bern,3173,355
Thörishaus,3174,355
Gümligen,3073,356
Muri b. Bern,3074,356
Oberbalm,3096,357
Stettlen,3066,358
Boll,3067,359
Utzigen,3068,359
Hinterkappelen,3032,360
Wohlen b. Bern,3033,360
Murzelen,3034,360
Uettligen,3043,360
Innerberg,3044,360
Säriswil,3049,360
Zollikofen,3052,361
Worblaufen,3048,362
Ittigen,3063,362
Ostermundigen,3072,363
Biel/Bienne,2502,371
Biel/Bienne,2503,371
Biel/Bienne,2504,371
Biel/Bienne,2505,371
Magglingen/Macolin,2532,372
Evilard,2533,372
Arch,3296,381
Büetigen,3263,382
Büren an der Aare,3294,383
Diessbach b. Büren,3264,385
Dotzigen,3293,386
Lengnau BE,2543,387
Leuzigen,3297,388
Meienried,3294,389
Meinisberg,2554,390
Oberwil b. Büren,3298,391
Pieterlen,2542,392
Rüti b. Büren,3295,393
Wengi b. Büren,3251,394
Aefligen,3426,401
Alchenstorf,3473,402
Bäriswil BE,3323,403
Burgdorf,3400,404
Ersigen,3423,405
Niederösch,3424,405
Oberösch,3424,405
Hasle b. Burgdorf,3415,406
Schafhausen im Emmental,3415,406
Biembach im Emmental,3419,406
Heimiswil,3412,407
Kaltacker,3413,407
Hellsau,3429,408
Hindelbank,3324,409
Höchstetten,3429,410
Kernenried,3309,411
Kirchberg BE,3422,412
Koppigen,3425,413
Hettiswil b. Hindelbank,3325,414
Krauchthal,3326,414
Lyssach,3421,415
Mötschwil,3324,416
Oberburg,3414,418
Lyssach,3421,418
Rüdtligen,3422,420
Alchenflüh,3422,420
Rumendingen,3472,421
Rüti b. Lyssach,3421,422
Willadingen,3425,423
Wynigen,3472,424
Rüedisbach,3474,424
Corgémont,2606,431
Mont-Crosin,2610,432
Cormoret,2612,432
Cortébert,2607,433
Montagne-de-Courtelary,2608,433
Courtelary,2608,434
La Ferrière,2333,435
Mont-Tramelan,2723,437
Orvin,2534,438
Les Prés-d'Orvin,2534,438
Renan BE,2616,441
Romont BE,2538,442
St-Imier,2610,443
Mont-Soleil,2610,443
Les Pontins,2610,443
Sonceboz-Sombeval,2605,444
Sonvilier,2615,445
Montagne-de-Sonvilier,2615,445
Tramelan,2720,446
Les Reussilles,2722,446
Villeret,2613,448
Frinvillier,2535,449
Plagne,2536,449
Vauffelin,2537,449
Péry,2603,450
La Heutte,2604,450
Brüttelen,3237,491
Erlach,3235,492
Finsterhennen,2577,493
Gals,3238,494
Gampelen,3236,495
Ins,3232,496
Lüscherz,2576,497
Müntschemier,3225,498
Siselen BE,2577,499
Treiten,3226,500
Tschugg,3233,501
Vinelz,3234,502
Bätterkinden,3315,533
Kräiligen,3315,533
Deisswil b. Münchenbuchsee,3053,535
Diemerswil,3053,536
Etzelkofen,3306,538
Grafenried,3308,538
Zauggenried,3309,538
Fraubrunnen,3312,538
Büren zum Hof,3313,538
Schalunen,3314,538
Limpach,3317,538
Mülchi,3317,538
Jegenstorf,3303,540
Münchringen,3303,540
Ballmoos,3303,540
Scheunen,3305,540
Iffwil,3305,541
Mattstetten,3322,543
Moosseedorf,3302,544
Münchenbuchsee,3053,546
Urtenen-Schönbühl,3322,551
Utzenstorf,3427,552
Wiggiswil,3053,553
Wiler b. Utzenstorf,3428,554
Zielebach,4564,556
Zuzwil BE,3303,557
Adelboden,3715,561
Aeschi b. Spiez,3703,562
Aeschiried,3703,562
Emdthal,3711,562
Frutigen,3714,563
Ried (Frutigen),3724,563
Achseten,3725,563
Kandergrund,3716,564
Blausee-Mitholz,3717,564
Kandersteg,3718,565
Krattigen,3704,566
Mülenen,3711,567
Reichenbach im Kandertal,3713,567
Wengi b. Frutigen,3714,567
Scharnachtal,3722,567
Kiental,3723,567
Sundlauenen,3800,571
Beatenberg,3803,571
Bönigen b. Interlaken,3806,572
Brienz BE,3855,573
Axalp,3855,573
Brienzwiler,3856,574
Därligen,3707,575
Burglauenen,3816,576
Grindelwald,3818,576
Gsteigwiler,3814,577
Interlaken,3800,578
Zweilütschinen,3815,578
Gündlischwand,3815,578
Habkern,3804,579
Hofstetten b. Brienz,3858,580
Interlaken,3800,581
Iseltwald,3807,582
Lauterbrunnen,3822,584
Isenfluh,3822,584
Wengen,3823,584
Kleine Scheidegg,3823,584
Eigergletscher,3823,584
Stechelberg,3824,584
Mürren,3825,584
Gimmelwald,3826,584
Leissigen,3706,585
Lütschental,3816,586
Matten b. Interlaken,3800,587
Niederried b. Interlaken,3853,588
Oberried am Brienzersee,3854,589
Goldswil b. Interlaken,3805,590
Ringgenberg BE,3852,590
Saxeten,3813,591
Schwanden b. Brienz,3855,592
Unterseen,3800,593
Wilderswil,3812,594
Arni BE,3508,602
Biglen,3507,603
Bowil,3533,605
Brenzikofen,3671,606
Freimettigen,3510,607
Schlosswil,3082,608
Grosshöchstetten,3506,608
Häutligen,3510,609
Herbligen,3671,610
Kiesen,3629,611
Gysenstein,3503,612
Konolfingen,3510,612
Obergoldbach,3434,613
Landiswil,3434,613
Linden,3673,614
Mirchel,3532,615
Trimstein,3083,616
Münsingen,3110,616
Tägertschi,3111,616
Niederhünigen,3504,617
Oberdiessbach,3672,619
Aeschlen b. Oberdiessbach,3672,619
Bleiken b. Oberdiessbach,3674,619
Oberthal,3531,620
Oppligen,3629,622
Rubigen,3113,623
Walkringen,3512,626
Bigenthal,3513,626
Rüfenacht BE,3075,627
Vielbringen b. Worb,3075,627
Worb,3076,627
Enggistein,3077,627
Richigen,3078,627
Zäziwil,3532,628
Oberhünigen,3504,629
Allmendingen b. Bern,3112,630
Wichtrach,3114,632
Clavaleyres,1595,661
Rizenbach,3206,662
Ferenbalm,3206,662
Biberen,3206,662
Gammen,3206,662
Frauenkappelen,3202,663
Gurbrü,3208,665
Kriechenwil,3179,666
Laupen BE,3177,667
Mühleberg,3203,668
Rosshäusern,3204,668
Gümmenen,3205,668
Münchenwiler,1797,669
Neuenegg,3176,670
Wileroltigen,3207,671
Belprahon,2744,681
Champoz,2735,683
Corcelles BE,2747,687
Court,2738,690
Crémines,2746,691
Eschert,2743,692
Grandval,2745,694
Loveresse,2732,696
Moutier,2740,700
Perrefitte,2742,701
Reconvilier,2732,703
Roches BE,2762,704
Le Fuet,2712,706
Bellelay,2713,706
Saicourt,2732,706
Saules BE,2732,707
Schelten,2827,708
Seehof,2747,709
Sorvilier,2736,711
Tavannes,2710,713
La Tanne,2720,713
Rebévelier,2717,715
Châtelat,2715,716
Monible,2715,716
Sornetan,2716,716
Fornet-Dessous,2717,716
Souboz,2748,716
Les Ecorcheresses,2748,716
Pontenet,2733,717
Bévilard,2735,717
Malleray,2735,717
La Neuveville,2520,723
Nods,2518,724
Prêles,2515,726
Lamboing,2516,726
Diesse,2517,726
Aegerten,2558,731
Bellmund,2564,732
Brügg BE,2555,733
Bühl b. Aarberg,3274,734
Epsach,3272,735
Hagneck,2575,736
Hermrigen,3274,737
Jens,2565,738
Ipsach,2563,739
Ligerz,2514,740
Merzligen,3274,741
Mörigen,2572,742
Nidau,2560,743
Orpund,2552,744
Port,2562,745
Safnern,2553,746
Scheuren,2556,747
Schwadernau,2556,748
Studen BE,2557,749
Sutz,2572,750
Täuffelen,2575,751
Gerolfingen,2575,751
Walperswil,3272,754
Worben,3252,755
Tüscherz-Alfermée,2512,756
Twann,2513,756
Därstetten,3763,761
Weissenburg,3764,761
Oey,3753,762
Diemtigen,3754,762
Horboden,3755,762
Zwischenflüh,3756,762
Schwenden im Diemtigtal,3757,762
Latterbach,3758,763
Erlenbach im Simmental,3762,763
Oberwil im Simmental,3765,766
Reutigen,3647,767
Gwatt (Thun),3645,768
Einigen,3646,768
Spiez,3700,768
Hondrich,3702,768
Faulensee,3705,768
Wimmis,3752,769
Höfen b. Thun,3631,770
Niederstocken,3632,770
Oberstocken,3632,770
Guttannen,3864,782
Hasliberg Hohfluh,6083,783
Hasliberg Wasserwendi,6084,783
Hasliberg Goldern,6085,783
Hasliberg Reuti,6086,783
Innertkirchen,3862,784
Gadmen,3863,784
Unterbach BE,3857,785
Meiringen,3860,785
Brünig,3860,785
Rosenlaui,3860,786
Schattenhalb,3860,786
Boltigen,3766,791
Lenk im Simmental,3775,792
St. Stephan,3772,793
Matten (St. Stephan),3773,793
Zweisimmen,3770,794
Blankenburg,3771,794
Oeschseite,3776,794
Feutersoey,3784,841
Gsteig b. Gstaad,3785,841
Lauenen b. Gstaad,3782,842
Abländschen,1657,843
Saanenmöser,3777,843
Schönried,3778,843
Gstaad,3780,843
Turbach,3781,843
Grund b. Gstaad,3783,843
Saanen,3792,843
Sangernboden,1738,852
Riffenmatt,3156,852
Guggisberg,3158,852
Riedstätt,3159,852
Rüschegg Gambach,3153,853
Rüschegg Heubach,3154,853
Lanzenhäusern,3148,855
Schwarzenburg,3150,855
Mamishaus,3152,855
Milken,3157,855
Albligen,3183,855
Belp,3123,861
Belpberg,3124,861
Burgistein,3664,863
Gerzensee,3115,866
Gurzelen,3663,867
Jaberg,3629,868
Kaufdorf,3126,869
Kehrsatz,3122,870
Kirchdorf BE,3116,872
Mühledorf BE,3116,872
Noflen BE,3116,872
Gelterfingen,3126,872
Niedermuhlern,3087,877
Rüti b. Riggisberg,3099,879
Riggisberg,3132,879
Rüeggisberg,3088,880
Oberbütschel,3088,880
Hinterfultigen,3089,880
Helgisried-Rohrbach,3155,880
Rümligen,3128,881
Seftigen,3662,883
Toffen,3125,884
Uttigen,3628,885
Wattenwil,3665,886
Zimmerwald,3086,888
Englisberg,3086,888
Mühlethurnen,3127,889
Lohnstorf,3127,889
Kirchenthurnen,3128,889
Aeschau,3536,901
Eggiwil,3537,901
Langnau im Emmental,3550,902
Oberfrittenbach,3551,902
Bärau,3552,902
Gohl,3553,902
Lauperswil,3438,903
Emmenmatt,3543,903
Röthenbach im Emmental,3538,904
Schwanden im Emmental,3433,905
Zollbrück,3436,905
Rüderswil,3437,905
Schangnau,6197,906
Signau,3534,907
Schüpbach,3535,907
Trub,3556,908
Fankhaus (Trub),3557,908
Trubschachen,3555,909
Amsoldingen,3633,921
Blumenstein,3638,922
Heimenschwand,3615,923
Eriz,3619,924
Fahrni b. Thun,3617,925
Heiligenschwendi,3625,927
Heimberg,3627,928
Hünibach,3626,929
Hilterfingen,3652,929
Homberg b. Thun,3622,931
Horrenbach,3623,932
Buchen BE,3623,932
Oberhofen am Thunersee,3653,934
Pohlern,3638,936
Gunten,3654,938
Sigriswil,3655,938
Tschingel ob Gunten,3656,938
Aeschlen ob Gunten,3656,938
Ringoldswil,3656,938
Schwanden (Sigriswil),3657,938
Merligen,3658,938
Steffisburg,3612,939
Steffisburg,3613,939
Schwendibach,3624,939
Teuffenthal b. Thun,3623,940
Thierachern,3634,941
Thun,3600,942
Thun,3603,942
Thun,3604,942
Thun,3608,942
Goldiwil (Thun),3624,942
Uebeschi,3635,943
Uetendorf,3661,944
Unterlangenegg,3614,945
Schwarzenegg,3616,945
Süderen,3618,946
Zwieselberg,3645,947
Längenbühl,3636,948
Forst b. Längenbühl,3636,948
Affoltern im Emmental,3416,951
Weier im Emmental,3462,951
Häusernmoos im Emmental,3463,951
Dürrenroth,3465,952
Eriswil,4952,953
Huttwil,4950,954
Schwarzenbach (Huttwil),4953,954
Lützelflüh-Goldbach,3432,955
Ramsei,3435,955
Ranflüh,3439,955
Grünenmatt,3452,955
Rüegsauschachen,3415,956
Rüegsau,3417,956
Rüegsbach,3418,956
Sumiswald,3454,957
Grünen,3455,957
Wasen im Emmental,3457,957
Heimisbach,3453,958
Trachselwald,3456,958
Schmidigen-Mühleweg,3464,959
Walterswil BE,4942,959
Wyssachen,4954,960
Attiswil,4536,971
Berken,3376,972
Bettenhausen,3366,973
Bollodingen,3366,973
Farnern,4539,975
Graben,3376,976
Wanzwil,3372,977
Röthenbach Herzogenbuchsee,3373,977
Heimenhausen,3373,977
Herzogenbuchsee,3360,979
Oberönz,3363,979
Inkwil,3375,980
Niederbipp,4704,981
Wolfisberg,4704,981
Niederönz,3362,982
Oberbipp,4538,983
Ochlenberg,3367,985
Oschwand,3476,985
Rumisberg,4539,987
Grasswil,3365,988
Seeberg,3365,988
Riedtwil,3475,988
Hermiswil,3475,988
Thörigen,3367,989
Walliswil b. Niederbipp,3380,990
Walliswil b. Wangen,3377,991
Wangen an der Aare,3380,992
Wangenried,3374,993
Wiedlisbach,4537,995
Doppleschwand,6112,1001
Entlebuch,6162,1002
Rengg,6162,1002
Finsterwald b. Entlebuch,6162,1002
Ebnet,6163,1002
Flühli LU,6173,1004
Sörenberg,6174,1004
Hasle LU,6166,1005
Fontannen b. Wolhusen,6110,1007
Romoos,6113,1007
Bramboden,6167,1007
Schüpfheim,6170,1008
Schachen LU,6105,1009
Werthenstein,6106,1009
Escholzmatt,6182,1010
Wiggen,6192,1010
Marbach LU,6196,1010
Aesch LU,6287,1021
Altwis,6286,1022
Ballwil,6275,1023
Emmenbrücke,6020,1024
Emmen,6032,1024
Ermensee,6294,1025
Eschenbach LU,6274,1026
Gelfingen,6284,1030
Sulz LU,6284,1030
Hitzkirch,6285,1030
Retschwil,6285,1030
Müswangen,6289,1030
Hämikon,6289,1030
Hämikon,6289,1030
Mosen,6295,1030
Hochdorf,6280,1031
Urswil,6280,1031
Baldegg,6283,1031
Hohenrain,6276,1032
Kleinwangen,6277,1032
Lieli LU,6277,1032
Inwil,6034,1033
Rain,6026,1037
Römerswil LU,6027,1039
Herlisberg,6028,1039
Rothenburg,6023,1040
Schongau,6288,1041
Adligenswil,6043,1051
Buchrain,6033,1052
Perlen,6035,1052
Dierikon,6036,1053
Ebikon,6030,1054
Gisikon,6038,1055
Greppen,6404,1056
Honau,6038,1057
St. Niklausen LU,6005,1058
Kastanienbaum,6047,1058
Horw,6048,1058
Kriens,6010,1059
Obernau,6012,1059
Luzern,6003,1061
Luzern,6004,1061
Luzern,6005,1061
Luzern,6006,1061
Luzern,6014,1061
Luzern,6015,1061
Malters,6102,1062
Meggen,6045,1063
Meierskappel,6344,1064
Root,6037,1065
Root D4,6039,1065
Eigenthal,6013,1066
Schwarzenberg LU,6103,1066
Udligenswil,6044,1067
Vitznau,6354,1068
Weggis,6353,1069
Rigi Kaltbad,6356,1069
Neudorf,6025,1081
Beromünster,6215,1081
Schwarzenbach LU,6215,1081
Gunzwil,6222,1081
Büron,6233,1082
Buttisholz,6018,1083
Eich,6205,1084
Geuensee,6232,1085
Grosswangen,6022,1086
Hildisrieden,6024,1088
St. Erhard,6212,1089
Knutwil,6213,1089
Kaltbach,6212,1091
Mauensee,6216,1091
Hellbühl,6016,1093
Sempach Station,6203,1093
Neuenkirch,6206,1093
Nottwil,6207,1094
Oberkirch LU,6208,1095
Pfeffikon LU,5735,1097
Rickenbach LU,6221,1097
Ruswil,6017,1098
Sigigen,6019,1098
Schenkon,6214,1099
Schlierbach,6231,1100
Sempach,6204,1102
Sursee,6210,1103
Triengen,6234,1104
Kulmerau,6234,1104
Winikon,6235,1104
Wilihof,6236,1104
Wolhusen,6110,1107
Steinhuserberg,6114,1107
Alberswil,6248,1121
Altbüron,6147,1122
Ebersecken,6245,1123
Altishofen,6246,1123
Buchs LU,6211,1125
Dagmersellen,6252,1125
Uffikon,6253,1125
Egolzwil,6243,1127
Kottwil,6217,1128
Ettiswil,6218,1128
Fischbach LU,6145,1129
Gettnau,6142,1130
Grossdietwil,6146,1131
Hergiswil b. Willisau,6133,1132
Hofstatt,6154,1135
Luthern,6156,1135
Luthern Bad,6156,1135
Menznau,6122,1136
Geiss,6123,1136
Menzberg,6125,1136
Nebikon,6244,1137
St. Urban,4915,1139
Pfaffnau,6264,1139
Reiden,6260,1140
Reidermoos,6260,1140
Mehlsecken,6260,1140
Langnau b. Reiden,6262,1140
Richenthal,6263,1140
Roggliswil,6265,1142
Ohmstal,6143,1143
Schötz,6247,1143
Ufhusen,6153,1145
Wauwil,6242,1146
Wikon,4806,1147
Hintermoos,6260,1147
Zell LU,6144,1150
Hüswil,6152,1150
Daiwil,6126,1151
Willisau,6130,1151
Rohrmatt,6132,1151
Altdorf UR,6460,1201
Andermatt,6490,1202
Attinghausen,6468,1203
Bauen,6466,1204
Bürglen UR,6463,1205
Erstfeld,6472,1206
Flüelen,6454,1207
Göschenen,6487,1208
Intschi,6476,1209
Gurtnellen,6482,1209
Hospental,6493,1210
Isenthal,6461,1211
Realp,6491,1212
Schattdorf,6467,1213
Haldi b. Schattdorf,6469,1213
Seedorf UR,6462,1214
Seelisberg,6377,1215
Rütli,6441,1215
Silenen,6473,1216
Amsteg,6474,1216
Bristen,6475,1216
Sisikon,6452,1217
Spiringen,6464,1218
Urnerboden,8751,1218
Unterschächen,6465,1219
Wassen UR,6484,1220
Meien,6485,1220
Bennau,8836,1301
Einsiedeln,8840,1301
Trachslau,8840,1301
Gross,8841,1301
Euthal,8844,1301
Willerzell,8846,1301
Egg SZ,8847,1301
Rigi Scheidegg,6410,1311
Gersau,6442,1311
Schindellegi,8834,1321
Feusisberg,8835,1321
Hurden,8640,1322
Bäch SZ,8806,1322
Freienbach,8807,1322
Pfäffikon SZ,8808,1322
Wollerau,8832,1322
Wilen b. Wollerau,8832,1322
Wollerau,8832,1323
Merlischachen,6402,1331
Küssnacht am Rigi,6403,1331
Immensee,6405,1331
Altendorf,8852,1341
Galgenen,8854,1342
Innerthal,8858,1343
Lachen SZ,8853,1344
Reichenburg,8864,1345
Siebnen,8854,1346
Schübelbach,8862,1346
Buttikon SZ,8863,1346
Tuggen,8856,1347
Vorderthal,8857,1348
Wangen SZ,8855,1349
Alpthal,8849,1361
Goldau,6410,1362
Rigi Klösterli,6410,1362
Rigi Staffel,6410,1362
Rigi Kulm,6410,1362
Oberarth,6414,1362
Arth,6415,1362
Illgau,6434,1363
Brunnen,6440,1364
Lauerz,6424,1365
Stoos SZ,6433,1366
Morschach,6443,1366
Muotathal,6436,1367
Bisisthal,6436,1367
Ried (Muotathal),6436,1367
Oberiberg,8843,1368
Riemenstalden,6452,1369
Rothenthurm,6418,1370
Sattel,6417,1371
Seewen SZ,6423,1372
Schwyz,6430,1372
Rickenbach b. Schwyz,6432,1372
Ibach,6438,1372
Steinen,6422,1373
Steinerberg,6416,1374
Unteriberg,8842,1375
Studen SZ,8845,1375
Pilatus Kulm,6010,1401
Alpnachstad,6053,1401
Alpnach Dorf,6055,1401
Grafenort,6388,1402
Engelberg,6390,1402
Giswil,6074,1403
Kerns,6064,1404
St. Niklausen OW,6066,1404
Melchtal,6067,1404
Melchsee-Frutt,6068,1404
Lungern,6078,1405
Bürglen OW,6078,1405
Sachseln,6072,1406
Flüeli-Ranft,6073,1406
Kägiswil,6056,1407
Sarnen,6060,1407
Ramersberg,6060,1407
Wilen (Sarnen),6062,1407
Stalden (Sarnen),6063,1407
Beckenried,6375,1501
Buochs,6374,1502
Dallenwil,6383,1503
Wiesenberg,6383,1503
Wirzweli,6383,1503
Emmetten,6376,1504
Bürgenstock,6363,1505
Ennetbürgen,6373,1505
Ennetmoos,6372,1506
Hergiswil NW,6052,1507
Oberdorf NW,6370,1508
Büren NW,6382,1508
Niederrickenbach,6383,1508
Stans,6370,1509
Stansstad,6362,1510
Obbürgen,6363,1510
Fürigen,6363,1510
Kehrsiten,6365,1510
Wolfenschiessen,6386,1511
Oberrickenbach,6387,1511
Näfels,8752,1630
Mollis,8753,1630
Filzbach,8757,1630
Obstalden,8758,1630
Bilten,8865,1630
Niederurnen,8867,1630
Oberurnen,8868,1630
Mühlehorn,8874,1630
Mitlödi,8756,1631
Schwanden GL,8762,1631
Schwändi b. Schwanden,8762,1631
Sool,8762,1631
Engi,8765,1631
Matt,8766,1631
Elm,8767,1631
Nidfurn,8772,1631
Haslen GL,8773,1631
Leuggelbach,8774,1631
Luchsingen,8775,1631
Hätzingen,8775,1631
Diesbach GL,8777,1631
Betschwanden,8777,1631
Rüti GL,8782,1631
Linthal,8783,1631
Braunwald,8784,1631
Glarus,8750,1632
Riedern,8750,1632
Klöntal,8750,1632
Netstal,8754,1632
Ennenda,8755,1632
Allenwinden,6319,1701
Baar,6340,1701
Cham,6330,1702
Hagendorn,6332,1702
Hünenberg,6331,1703
Hünenberg See,6333,1703
Menzingen,6313,1704
Menzingen,6313,1704
Edlibach,6313,1704
Finstersee,6313,1704
Sihlbrugg,6340,1705
Neuheim,6345,1705
Oberägeri,6315,1706
Alosen,6315,1706
Morgarten,6315,1706
Rotkreuz,6343,1707
Buonas,6343,1707
Risch,6343,1707
Holzhäusern ZG,6343,1707
Steinhausen,6312,1708
Unterägeri,6314,1709
Neuägeri,6314,1709
Walchwil,6318,1710
Zug,6300,1711
Zugerberg,6300,1711
Oberwil b. Zug,6317,1711
Châtillon FR,1473,2008
Cheiry,1529,2009
Chapelle (Broye),1534,2009
Cugy FR,1482,2011
Vesin,1483,2011
Fétigny,1532,2016
Gletterens,1544,2022
Lully FR,1470,2025
Seiry,1470,2025
Bollion,1470,2025
Ménières,1533,2027
Cousset,1774,2029
Cousset,1774,2029
Montagny-les-Monts,1774,2029
Mannens,1775,2029
Grandsivaz,1775,2029
Montagny-la-Ville,1776,2029
Nuvilly,1485,2035
Prévondavaux,1410,2038
St-Aubin FR,1566,2041
Les Friques,1566,2041
Sévaz,1541,2043
Villeneuve FR,1527,2044
Surpierre,1528,2044
Praratoud,1528,2044
Vallon,1565,2045
Montet (Broye),1483,2050
Frasses,1483,2050
Aumont,1484,2050
Granges-de-Vesin,1484,2050
Delley,1567,2051
Portalban,1568,2051
Dompierre FR,1563,2053
Domdidier,1564,2053
Léchelles,1773,2053
Chandon,1773,2053
Russy,1773,2053
Estavayer-le-Lac,1470,2054
Font,1473,2054
Autavaux,1475,2054
Forel FR,1475,2054
Montbrelloz,1475,2054
Vuissens,1486,2054
Murist,1489,2054
Bussy FR,1541,2054
Morens FR,1541,2054
Rueyres-les-Prés,1542,2054
Cheyres,1468,2055
Châbles FR,1474,2055
Auboranges,1673,2061
Billens,1681,2063
Hennens,1681,2063
Chapelle (Glâne),1608,2066
Le Châtelard-près-Romont,1689,2067
Châtonnaye,1553,2068
Ecublens FR,1673,2072
Grangettes-près-Romont,1686,2079
Massonnens,1692,2086
Berlens,1680,2087
Mézières FR,1684,2087
Montet (Glâne),1674,2089
Romont FR,1680,2096
Promasens,1673,2097
Gillarens,1673,2097
Rue,1673,2097
Blessens,1675,2097
Chavannes-les-Forts,1676,2099
Prez-vers-Siviriez,1677,2099
Siviriez,1678,2099
Villaraboud,1679,2099
Ursy,1670,2102
Bionnens,1670,2102
Esmonts,1670,2102
Vuarmarens,1674,2102
Morlens,1674,2102
Vauderens,1675,2102
Mossel,1675,2102
Villariaz,1685,2113
La Neirigue,1686,2113
Vuisternens-devant-Romont,1687,2113
La Magne,1687,2113
Estévenens,1687,2113
Sommentier,1688,2113
Lieffrens,1688,2113
La Joux FR,1697,2113
Les Ecasseys,1697,2113
Villarsiviriaux,1694,2114
Villargiroud,1694,2114
Orsonnens,1694,2114
Chavannes-sous-Orsonnens,1694,2114
Torny-le-Grand,1748,2115
Middes,1749,2115
Villaz-St-Pierre,1690,2117
Lussy FR,1690,2117
Villarimboud,1691,2117
Albeuve,1669,2121
Lessoc,1669,2121
Les Sciernes-d'Albeuve,1669,2121
Neirivue,1669,2121
Montbovon,1669,2121
Gumefens,1643,2122
Avry-devant-Pont,1644,2122
Le Bry,1645,2122
Botterens,1652,2123
Villarbeney,1652,2123
Broc,1636,2124
Bulle,1630,2125
La Tour-de-Trême,1635,2125
Châtel-sur-Montsalvens,1653,2128
Corbières,1647,2129
Villarvolard,1651,2129
Crésuz,1653,2130
Echarlens,1646,2131
Grandvillard,1666,2134
Gruyères,1663,2135
Pringy,1663,2135
Epagny,1663,2135
Moléson-sur-Gruyères,1663,2135
Hauteville,1648,2137
Jaun,1656,2138
Im Fang,1656,2138
Marsens,1633,2140
Vuippens,1633,2140
Morlon,1638,2143
Le Pâquier-Montbarry,1661,2145
Pont-la-Ville,1649,2147
Riaz,1632,2148
La Roche FR,1634,2149
Sâles (Gruyère),1625,2152
Maules,1625,2152
Romanens,1626,2152
Treyfayes,1626,2152
Rueyres-Treyfayes,1626,2152
Sorens,1642,2153
Vaulruz,1627,2155
Vuadens,1628,2160
Estavannens,1665,2162
Villars-sous-Mont,1666,2162
Enney,1667,2162
Charmey (Gruyère),1637,2163
Cerniat FR,1654,2163
Arconciel,1732,2171
Autigny,1742,2173
Corjolens,1754,2174
Avry-sur-Matran,1754,2174
Belfaux,1782,2175
Autafond,1782,2175
Chénens,1744,2177
Corminboeuf,1720,2183
Chésopelloz,1720,2183
Cottens FR,1741,2186
Ependes FR,1731,2189
Ferpicloz,1724,2194
Fribourg,1700,2196
Bourguillon,1722,2196
Givisiez,1762,2197
Granges-Paccot,1763,2198
Grolley,1772,2200
Marly,1723,2206
Matran,1753,2208
Neyruz FR,1740,2211
Pierrafortscha,1723,2216
Nierlet-les-Bois,1772,2217
Ponthaux,1772,2217
Le Mouret,1724,2220
Essert FR,1724,2220
Montévraz,1724,2220
Oberried FR,1724,2220
Zénauva,1724,2220
Bonnefontaine,1724,2220
Senèdes,1724,2225
Treyvaux,1733,2226
Villars-sur-Glâne,1752,2228
Villarsel-sur-Marly,1723,2230
Posieux,1725,2233
Ecuvillens,1730,2233
Lentigny,1745,2234
Onnens FR,1756,2234
Lovens,1756,2234
Lossy,1782,2235
La Corbaz,1782,2235
Cormagens,1782,2235
Formangueires,1782,2235
Villarlod,1695,2236
Rueyres-St-Laurent,1695,2236
Estavayer-le-Gibloux,1695,2236
Villarsel-le-Gibloux,1695,2236
Vuisternens-en-Ogoz,1696,2236
Farvagny-le-Grand,1726,2236
Farvagny-le-Petit,1726,2236
Grenilles,1726,2236
Posat,1726,2236
Corpataux,1727,2236
Magnedens,1727,2236
Rossens FR,1728,2236
Prez-vers-Noréaz,1746,2237
Corserey,1747,2237
Noréaz,1757,2237
Courgevaux,1796,2250
Villarepos,1583,2254
Pensier,1783,2254
Barberêche,1783,2254
Courtepin,1784,2254
Wallenried,1784,2254
Courtaman,1791,2254
Cressier FR,1785,2257
Fräschels,3284,2258
Galmiz,3285,2259
Gempenach,3215,2260
Greng,3280,2261
Cordast,1792,2262
Guschelmuth,1792,2262
Wallenbuch,3206,2262
Gurmels,3212,2262
Kleingurmels,3212,2262
Liebistorf,3213,2262
Kerzers,3210,2265
Kleinbösingen,3213,2266
Meyriez,3280,2271
Misery,1721,2272
Cormérod,1721,2272
Courtion,1721,2272
Cournillens,1721,2272
Muntelier,3286,2274
Jeuss,1793,2275
Salvenach,1794,2275
Courlevon,1795,2275
Büchslen,3215,2275
Lurtigen,3215,2275
Murten,3280,2275
Ried b. Kerzers,3216,2276
Agriswil,3216,2276
Ulmiz,3214,2278
Sugiez,1786,2284
Môtier (Vully),1787,2284
Mur (Vully) FR,1787,2284
Praz (Vully),1788,2284
Lugnorre,1789,2284
Alterswil FR,1715,2291
Brünisried,1719,2292
Düdingen,3186,2293
Giffers,1735,2294
Bösingen,3178,2295
Heitenried,1714,2296
Plaffeien,1716,2299
Oberschrot,1716,2299
Schwarzsee,1716,2299
Zumholz,1719,2299
Plasselb,1737,2300
Rechthalten,1718,2301
St. Antoni,1713,2302
St. Silvester,1736,2303
St. Ursen,1717,2304
Schmitten FR,3185,2305
Tafers,1712,2306
Tentlingen,1734,2307
Ueberstorf,3182,2308
Flamatt,3175,2309
Wünnewil,3184,2309
Attalens,1616,2321
Tatroz,1617,2321
Bossonnens,1615,2323
Châtel-St-Denis,1618,2325
Les Paccots,1619,2325
Granges (Veveyse),1614,2328
Remaufens,1617,2333
St-Martin FR,1609,2335
Besencens,1609,2335
Fiaugères,1609,2335
Semsales,1623,2336
Porsel,1699,2337
Pont (Veveyse),1699,2337
Bouloz,1699,2337
Le Crêt-près-Semsales,1611,2338
La Verrerie,1624,2338
Grattavache,1624,2338
Progens,1624,2338
Progens,1624,2338
Egerkingen,4622,2401
Härkingen,4624,2402
Kestenholz,4703,2403
Neuendorf,4623,2404
Niederbuchsiten,4626,2405
Oberbuchsiten,4625,2406
Oensingen,4702,2407
Wolfwil,4628,2408
Aedermannsdorf,4714,2421
Balsthal,4710,2422
Gänsbrunnen,4716,2423
Herbetswil,4715,2424
Holderbank SO,4718,2425
Laupersdorf,4712,2426
Matzendorf,4713,2427
Mümliswil,4717,2428
Ramiswil,4719,2428
Welschenrohr,4716,2429
Biezwil,4585,2445
Lüterkofen,4571,2455
Ichertswil,4571,2455
Lüterswil,4584,2456
Gächliwil,4584,2456
Messen,3254,2457
Balm b. Messen,3254,2457
Brunnenthal,3307,2457
Oberramsern,4588,2457
Schnottwil,3253,2461
Unterramsern,4588,2463
Nennigkofen,4574,2464
Lüsslingen,4574,2464
Tscheppach,4576,2465
Hessigkofen,4577,2465
Bibern SO,4578,2465
Gossliwil,4579,2465
Küttigkofen,4581,2465
Brügglen,4582,2465
Mühledorf SO,4583,2465
Aetigkofen,4583,2465
Kyburg-Buchegg,4586,2465
Aetingen,4587,2465
Brittern,4588,2465
Bättwil,4112,2471
Büren SO,4413,2472
Dornach,4143,2473
Gempen,4145,2474
Hochwald,4146,2475
Flüh,4112,2476
Hofstetten SO,4114,2476
Mariastein,4115,2477
Metzerlen,4116,2477
Nuglar,4412,2478
St. Pantaleon,4421,2478
Rodersdorf,4118,2479
Seewen SO,4206,2480
Witterswil,4108,2481
Hauenstein,4633,2491
Kienberg,4468,2492
Lostorf,4654,2493
Niedergösgen,5013,2495
Obergösgen,4653,2497
Rohr b. Olten,4655,2498
Stüsslingen,4655,2499
Trimbach,4632,2500
Winznau,4652,2501
Wisen SO,4634,2502
Erlinsbach SO,5015,2503
Aeschi SO,4556,2511
Burgäschi,4556,2511
Steinhof SO,4556,2511
Biberist,4562,2513
Bolken,4556,2514
Deitingen,4543,2516
Derendingen,4552,2517
Etziken,4554,2518
Gerlafingen,4563,2519
Halten,4566,2520
Horriwil,4557,2523
Hüniken,4554,2524
Kriegstetten,4566,2525
Lohn-Ammannsegg,4573,2526
Luterbach,4542,2527
Obergerlafingen,4564,2528
Oekingen,4566,2529
Recherswil,4565,2530
Subingen,4553,2532
Zuchwil,4528,2534
Hersiwil,4558,2535
Heinrichswil,4558,2535
Winistorf,4558,2535
Balmberg,4524,2541
Oberbalmberg,4524,2541
Balm b. Günsberg,4525,2541
Bellach,4512,2542
Bettlach,2544,2543
Feldbrunnen,4532,2544
Flumenthal,4534,2545
Grenchen,2540,2546
Günsberg,4524,2547
Hubersdorf,4535,2548
Kammersrohr,4535,2549
Langendorf,4513,2550
Lommiswil,4514,2551
Oberdorf SO,4515,2553
Weissenstein b. Solothurn,4515,2553
Niederwil SO,4523,2554
Riedholz,4533,2554
Rüttenen,4522,2555
Selzach,2545,2556
Boningen,4618,2571
Däniken SO,4658,2572
Dulliken,4657,2573
Wöschnau,5012,2574
Eppenberg,5012,2574
Fulenbach,4629,2575
Gretzenbach,5014,2576
Gunzgen,4617,2578
Hägendorf,4614,2579
Allerheiligenberg,4615,2579
Kappel SO,4616,2580
Olten,4600,2581
Rickenbach SO,4613,2582
Schönenwerd,5012,2583
Starrkirch-Wil,4656,2584
Walterswil SO,5746,2585
Wangen b. Olten,4612,2586
Solothurn,4500,2601
Bärschwil,4252,2611
Beinwil SO,4229,2612
Breitenbach,4226,2613
Büsserach,4227,2614
Erschwil,4228,2615
Fehren,4232,2616
Grindel,4247,2617
Himmelried,4204,2618
Kleinlützel,4245,2619
Meltingen,4233,2620
Nunningen,4208,2621
Zullwil,4234,2622
Basel,4001,2701
Basel,4031,2701
Basel,4031,2701
Basel,4051,2701
Basel,4052,2701
Basel,4052,2701
Basel,4053,2701
Basel,4054,2701
Basel,4055,2701
Basel,4056,2701
Basel,4057,2701
Basel,4058,2701
Basel,4059,2701
Bettingen,4126,2702
Riehen,4125,2703
Aesch BL,4147,2761
Allschwil,4123,2762
Arlesheim,4144,2763
Biel-Benken BL,4105,2764
Bruderholz,4101,2765
Binningen,4102,2765
Birsfelden,4127,2766
Bottmingen,4103,2767
Ettingen,4107,2768
Münchenstein,4142,2769
Muttenz,4132,2770
Oberwil BL,4104,2771
Pfeffingen,4148,2772
Reinach BL,4153,2773
Schönenbuch,4124,2774
Therwil,4106,2775
Blauen,4223,2781
Brislach,4225,2782
Burg im Leimental,4117,2783
Dittingen,4243,2784
Duggingen,4202,2785
Grellingen,4203,2786
Laufen,4242,2787
Liesberg,4253,2788
Liesberg Dorf,4254,2788
Nenzlingen,4224,2789
Roggenburg,2814,2790
Röschenz,4244,2791
Wahlen b. Laufen,4246,2792
Zwingen,4222,2793
Arisdorf,4422,2821
Augst BL,4302,2822
Bubendorf,4416,2823
Frenkendorf,4402,2824
Füllinsdorf,4414,2825
Giebenach,4304,2826
Hersberg,4423,2827
Lausen,4415,2828
Liestal,4410,2829
Lupsingen,4419,2830
Pratteln,4133,2831
Ramlinsburg,4433,2832
Seltisberg,4411,2833
Ziefen,4417,2834
Anwil,4469,2841
Böckten,4461,2842
Buckten,4446,2843
Buus,4463,2844
Diepflingen,4442,2845
Gelterkinden,4460,2846
Häfelfingen,4445,2847
Hemmiken,4465,2848
Itingen,4452,2849
Känerkinden,4447,2850
Kilchberg BL,4496,2851
Läufelfingen,4448,2852
Maisprach,4464,2853
Nusshof,4453,2854
Oltingen,4494,2855
Ormalingen,4466,2856
Rickenbach BL,4462,2857
Rothenfluh,4467,2858
Rümlingen,4444,2859
Rünenberg,4497,2860
Sissach,4450,2861
Tecknau,4492,2862
Tenniken,4456,2863
Thürnen,4441,2864
Wenslingen,4493,2865
Wintersingen,4451,2866
Wittinsburg,4443,2867
Zeglingen,4495,2868
Zunzgen,4455,2869
Arboldswil,4424,2881
Bennwil,4431,2882
Bretzwil,4207,2883
Diegten,4457,2884
Eptingen,4458,2885
Hölstein,4434,2886
Lampenberg,4432,2887
Langenbruck,4438,2888
Lauwil,4426,2889
Liedertswil,4436,2890
Niederdorf,4435,2891
Oberdorf BL,4436,2892
Reigoldswil,4418,2893
Titterten,4425,2894
Waldenburg,4437,2895
Gächlingen,8214,2901
Gächlingen,8214,2901
Löhningen,8224,2903
Neunkirch,8213,2904
Büttenhardt,8236,2914
Dörflingen,8239,2915
Lohn SH,8235,2917
Stetten SH,8234,2919
Opfertshofen SH,8236,2920
Thayngen,8240,2920
Barzheim,8241,2920
Bibern SH,8242,2920
Hofen SH,8242,2920
Altdorf SH,8243,2920
Bargen SH,8233,2931
Beringen,8222,2932
Guntmadingen,8223,2932
Buchberg,8454,2933
Merishausen,8232,2936
Neuhausen am Rheinfall,8212,2937
Rüdlingen,8455,2938
Schaffhausen,8200,2939
Schaffhausen,8203,2939
Schaffhausen,8207,2939
Schaffhausen,8208,2939
Hemmental,8231,2939
Beggingen,8228,2951
Schleitheim,8226,2952
Siblingen,8225,2953
Buch SH,8263,2961
Hemishofen,8261,2962
Ramsen,8262,2963
Stein am Rhein,8260,2964
Hallau,8215,2971
Oberhallau,8216,2972
Trasadingen,8219,2973
Wilchingen,8217,2974
Wilchingen,8217,2974
Osterfingen,8218,2974
Herisau,9100,3001
Schachen b. Herisau,9112,3001
Hundwil,9064,3002
Schönengrund,9105,3003
Schwellbrunn,9103,3004
Stein AR,9063,3005
Urnäsch,9107,3006
Waldstatt,9104,3007
Bühler,9055,3021
Gais,9056,3022
Speicherschwendi,9037,3023
Speicher,9042,3023
Niederteufen,9052,3024
Teufen AR,9053,3024
Lustmühle,9062,3024
Trogen,9043,3025
Grub AR,9035,3031
Heiden,9410,3032
Wienacht-Tobel,9405,3033
Lutzenberg,9426,3033
Rehetobel,9038,3034
Reute AR,9411,3035
Schachen b. Reute,9411,3035
Wald AR,9044,3036
Walzenhausen,9428,3037
Wolfhalden,9427,3038
Appenzell,9050,3101
Appenzell Meistersrüte,9050,3101
Gonten,9108,3102
Gontenbad,9108,3102
Jakobsbad,9108,3102
Appenzell Eggerstanden,9050,3103
Appenzell Steinegg,9050,3103
Weissbad,9057,3103
Brülisau,9058,3103
Appenzell Enggenhütten,9050,3104
Appenzell Schlatt,9050,3104
Haslen AI,9054,3104
Schwende,9057,3105
Wasserauen,9057,3105
Oberegg,9413,3111
Oberegg,9413,3111
Büriswilen,9442,3111
Lömmenschwil,9308,3201
Häggenschwil,9312,3201
Muolen,9313,3202
St. Gallen,9000,3203
St. Gallen,9008,3203
St. Gallen,9010,3203
St. Gallen,9011,3203
St. Gallen,9012,3203
St. Gallen,9014,3203
St. Gallen,9015,3203
St. Gallen,9016,3203
Wittenbach,9300,3204
Berg SG,9305,3211
Eggersriet,9034,3212
Grub SG,9036,3212
Goldach,9403,3213
Mörschwil,9402,3214
Rorschach,9400,3215
Rorschacherberg,9404,3216
Steinach,9323,3217
Tübach,9327,3218
Untereggen,9033,3219
Au SG,9434,3231
Heerbrugg,9435,3231
Balgach,9436,3232
Reute AR,9411,3233
Berneck,9442,3233
Diepoldsau,9444,3234
Rheineck,9424,3235
St. Margrethen SG,9430,3236
Staad SG,9422,3237
Altenrhein,9423,3237
Thal,9425,3237
Widnau,9443,3238
Altstätten SG,9450,3251
Lüchingen,9450,3251
Hinterforst,9452,3251
Lienz,9464,3251
Eichberg,9453,3252
Marbach SG,9437,3253
Kriessern,9451,3254
Montlingen,9462,3254
Montlingen,9462,3254
Oberriet SG,9463,3254
Rebstein,9445,3255
Rüthi (Rheintal),9464,3256
Buchs SG,9470,3271
Gams,9473,3272
Werdenberg,9470,3273
Grabs,9472,3273
Grabserberg,9472,3273
Salez,9465,3274
Sennwald,9466,3274
Frümsen,9467,3274
Sax,9468,3274
Haag (Rheintal),9469,3274
Sevelen,9475,3275
Weite,9476,3276
Fontnas,9476,3276
Trübbach,9477,3276
Azmoos,9478,3276
Oberschan,9479,3276
Malans SG,9479,3276
Gretschins,9479,3276
Bad Ragaz,7310,3291
Flums,8890,3292
Flums Hochwiese,8893,3292
Flumserberg Saxli,8894,3292
Flumserberg Portels,8895,3292
Flumserberg Bergheim,8896,3292
Flumserberg Tannenheim,8897,3292
Flumserberg Tannenbodenalp,8898,3292
Schwendi im Weisstannental,7325,3293
Weisstannen,7326,3293
Mädris-Vermol,8886,3293
Mels,8887,3293
Heiligkreuz (Mels),8888,3293
Plons,8889,3293
Pfäfers,7312,3294
St. Margrethenberg,7313,3294
Vadura,7314,3294
Vättis,7315,3294
Valens,7317,3294
Vasön,7317,3294
Murg,8877,3295
Quinten,8878,3295
Unterterzen,8882,3295
Quarten,8883,3295
Oberterzen,8884,3295
Mols,8885,3295
Sargans,7320,3296
Wangs,7323,3297
Wangs,7323,3297
Vilters,7324,3297
Walenstadt,8880,3298
Walenstadtberg,8881,3298
Tscherlach,8881,3298
Berschis,8892,3298
Amden,8873,3311
Benken SG,8717,3312
Kaltbrunn,8722,3313
Schänis,8718,3315
Rufi,8723,3315
Maseltrangen,8723,3315
Ziegelbrücke,8866,3315
Weesen,8872,3316
Schmerikon,8716,3338
Uznach,8730,3339
Rapperswil SG,8640,3340
Jona,8645,3340
Wagen,8646,3340
Bollingen,8715,3340
Ernetschwil,8725,3341
Gebertingen,8725,3341
Gommiswald,8737,3341
Uetliburg SG,8738,3341
Rieden SG,8739,3341
Goldingen,8638,3342
Walde SG,8727,3342
Neuhaus SG,8732,3342
Eschenbach SG,8733,3342
Ermenswil,8734,3342
St. Gallenkappel,8735,3342
Rüeterswil,8735,3342
Ebnat-Kappel,9642,3352
Alt St. Johann,9656,3359
Unterwasser,9657,3359
Wildhaus,9658,3359
Krummenau,9643,3360
Nesslau,9650,3360
Ennetbühl,9651,3360
Neu St. Johann,9652,3360
Stein SG,9655,3360
Hemberg,9633,3372
Bächli (Hemberg),9633,3372
Lichtensteig,9620,3374
Oberhelfenschwil,9621,3375
Hoffeld,9114,3378
Dicken,9115,3378
Mogelsberg,9122,3378
Ebersol,9122,3378
Nassen,9123,3378
Brunnadern,9125,3378
Necker,9126,3378
St. Peterzell,9127,3378
Ricken SG,8726,3379
Krinau,9622,3379
Wattwil,9630,3379
Ulisbach,9631,3379
Wil SG,9500,3392
Kirchberg SG,9533,3392
Dietschwil,9533,3392
Gähwil,9534,3392
Bazenheid,9602,3392
Müselbach,9602,3392
Lütisburg Station,9601,3393
Lütisburg,9604,3393
Unterrindal,9604,3393
Mosnang,9607,3394
Dreien,9612,3394
Mühlrüti,9613,3394
Libingen,9614,3394
Bütschwil,9606,3395
Ganterschwil,9608,3395
Dietfurt,9615,3395
Degersheim,9113,3401
Wolfertswil,9116,3401
Flawil,9230,3402
Egg (Flawil),9231,3402
Jonschwil,9243,3405
Rickenbach b. Wil,9532,3405
Schwarzenbach SG,9536,3405
Oberrindal,9604,3405
Niederglatt SG,9240,3407
Oberuzwil,9242,3407
Bichwil,9248,3407
Uzwil,9240,3408
Niederuzwil,9244,3408
Henau,9247,3408
Algetshausen,9249,3408
Niederstetten,9249,3408
Oberstetten,9249,3408
Niederbüren,9246,3422
Lenggenwil,9525,3423
Zuckenriet,9526,3423
Niederhelfenschwil,9527,3423
Niederwil SG,9203,3424
Oberbüren,9245,3424
Sonnental,9245,3424
Züberwangen,9523,3426
Zuzwil SG,9524,3426
Wil SG,9500,3427
Rossrüti,9512,3427
Bronschhofen,9552,3427
Andwil SG,9204,3441
Abtwil SG,9030,3442
St. Josefen,9030,3442
Engelburg,9032,3442
Gossau SG,9200,3443
Arnegg,9212,3443
Waldkirch,9205,3444
Bernhardzell,9304,3444
Valbella,7077,3506
Lenzerheide/Lai,7078,3506
Vaz/Obervaz,7082,3506
Tiefencastel,7450,3506
Lantsch/Lenz,7083,3513
Schmitten (Albula),7493,3514
Brienz/Brinzauls GR,7084,3542
Tiefencastel,7450,3542
Alvaschein,7451,3542
Mon,7458,3542
Stierva,7459,3542
Surava,7472,3542
Alvaneu Bad,7473,3542
Alvaneu Dorf,7492,3542
Cunter,7452,3543
Tinizong,7453,3543
Rona,7454,3543
Mulegns,7455,3543
Sur,7456,3543
Marmorera,7456,3543
Bivio,7457,3543
Savognin,7460,3543
Salouf,7462,3543
Riom,7463,3543
Riom,7463,3543
Parsonz,7464,3543
Filisur,7477,3544
Bergün/Bravuogn,7482,3544
Preda,7482,3544
Stugl/Stuls,7482,3544
Latsch,7484,3544
Brusio,7743,3551
Campocologno,7744,3551
Viano,7747,3551
Campascio,7748,3551
Ospizio Bernina,7710,3561
Alp Grüm,7710,3561
S. Carlo (Poschiavo),7741,3561
Poschiavo,7742,3561
Sfazù,7742,3561
La Rösa,7742,3561
Miralago,7743,3561
Li Curt,7745,3561
Le Prese,7746,3561
Falera,7153,3572
Laax GR,7031,3575
Laax GR 2,7032,3575
Sagogn,7152,3581
Schluein,7151,3582
St. Martin (Lugnez),7116,3603
Vals,7132,3603
Peiden,7110,3618
Camuns,7113,3618
Uors (Lumnezia),7114,3618
Surcasti,7115,3618
Tersnaus,7116,3618
Cumbel,7142,3618
Morissen,7143,3618
Vella,7144,3618
Degen,7145,3618
Vattiz,7146,3618
Vignogn,7147,3618
Lumbrein,7148,3618
Vrin,7149,3618
Pitasch,7111,3619
Duvin,7112,3619
Castrisch,7126,3619
Sevgein,7127,3619
Riein,7128,3619
Ilanz,7130,3619
Schnaus,7130,3619
Schnaus,7130,3619
Luven,7141,3619
Ruschein,7154,3619
Ladir,7155,3619
Ladir,7155,3619
Rueun,7156,3619
Pigniu,7156,3619
Siat,7157,3619
Fürstenaubruck,7413,3633
Fürstenau,7414,3633
Rothenbrunnen,7405,3637
Scharans,7412,3638
Sils im Domleschg,7411,3640
Cazis,7408,3661
Summaprada,7421,3661
Tartar,7422,3661
Sarn,7423,3661
Portein,7423,3661
Präz,7424,3661
Dalin,7424,3661
Flerden,7426,3662
Flerden,7426,3662
Masein,7425,3663
Thusis,7430,3668
Mutten,7431,3668
Obermutten,7431,3668
Tschappina,7428,3669
Urmein,7427,3670
Versam,7104,3672
Tenna,7106,3672
Safien Platz,7107,3672
Thalkirch,7109,3672
Valendas,7122,3672
Feldis/Veulden,7404,3673
Trans,7407,3673
Rodels,7415,3673
Pratval,7415,3673
Almens,7416,3673
Paspels,7417,3673
Tumegl/Tomils,7418,3673
Scheid,7419,3673
Campsut-Cröt,7446,3681
Cresta (Avers),7447,3681
Am Bach (Avers),7447,3681
Juf,7448,3681
Sufers,7434,3695
Andeer,7440,3701
Clugin,7442,3701
Pignia,7443,3701
Wergenstein,7433,3703
Donat,7433,3705
Lohn GR,7433,3707
Mathon,7433,3708
Rongellen,7430,3711
Zillis,7432,3712
Ausserferrera,7444,3713
Innerferrera,7445,3713
Innerferrera,7445,3713
Splügen,7435,3714
Medels im Rheinwald,7436,3714
Nufenen,7437,3714
Hinterrhein,7438,3714
Bonaduz,7402,3721
Domat/Ems,7013,3722
Rhäzüns,7403,3723
Felsberg,7012,3731
Flims Dorf,7017,3732
Flims Waldhaus,7018,3732
Fidaz,7019,3732
Tamins,7015,3733
Trin,7014,3734
Trin Mulin,7016,3734
Brail,7527,3746
Zernez,7530,3746
Susch,7542,3746
Lavin,7543,3746
Samnaun-Compatsch,7562,3752
Samnaun Dorf,7563,3752
Guarda,7545,3762
Ardez,7546,3762
Scuol,7550,3762
Ftan,7551,3762
Vulpera,7552,3762
Tarasp,7553,3762
Sent,7554,3762
Ramosch,7556,3764
Ramosch,7556,3764
Vnà,7557,3764
Strada,7558,3764
Tschlin,7559,3764
Martina,7560,3764
Bever,7502,3781
Bever,7502,3781
Celerina/Schlarigna,7505,3782
Madulain,7523,3783
Madulain,7523,3783
Pontresina,7504,3784
La Punt Chamues-ch,7522,3785
Samedan,7503,3786
St. Moritz,7500,3787
S-chanf,7525,3788
Cinuos-chel,7526,3788
Sils/Segl Maria,7514,3789
Fex,7514,3789
Sils/Segl Baselgia,7515,3789
Plaun da Lej,7517,3789
Champfèr,7512,3790
Silvaplana,7513,3790
Silvaplana-Surlej,7513,3790
Zuoz,7524,3791
Zuoz,7524,3791
Maloja,7516,3792
Casaccia,7602,3792
Vicosoprano,7603,3792
Borgonovo,7604,3792
Stampa,7605,3792
Promontogno,7606,3792
Bondo,7606,3792
Castasegna,7608,3792
Soglio,7610,3792
Buseno,6542,3804
Castaneda,6540,3805
Rossa,6548,3808
Augio,6548,3808
Sta. Domenica,6548,3808
Sta. Maria in Calanca,6541,3810
Lostallo,6558,3821
Mesocco,6563,3822
S. Bernardino,6565,3822
Soazza,6562,3823
Cama,6557,3831
Grono,6537,3832
Verdabbio,6538,3832
Verdabbio,6538,3832
Leggia,6556,3832
Roveredo GR,6535,3834
Laura,6549,3834
S. Vittore,6534,3835
S. Vittore,6534,3835
Arvigo,6543,3837
Braggio,6544,3837
Selma,6545,3837
Cauco,6546,3837
Tschierv,7532,3847
Fuldera,7533,3847
Lü,7534,3847
Valchava,7535,3847
Sta. Maria Val Müstair,7536,3847
Müstair,7537,3847
Davos Dorf,7260,3851
Davos Wolfgang,7265,3851
Davos Platz,7270,3851
Davos Clavadel,7272,3851
Davos Frauenkirch,7276,3851
Davos Glaris,7277,3851
Davos Monstein,7278,3851
Davos Wiesen,7494,3851
Fideris,7235,3861
Furna,7232,3862
Pragg-Jenaz,7231,3863
Jenaz,7233,3863
Saas im Prättigau,7247,3871
Serneus,7249,3871
Klosters,7250,3871
Klosters Dorf,7252,3871
Conters im Prättigau,7241,3881
Küblis,7240,3882
Buchen im Prättigau,7223,3891
Putz,7224,3891
Luzein,7242,3891
Pany,7243,3891
Gadenstätt,7244,3891
Ascharina,7245,3891
St. Antönien,7246,3891
Chur,7000,3901
Maladers,7026,3901
Passugg,7062,3911
Malix,7074,3911
Churwalden,7075,3911
Parpan,7076,3911
Castiel,7027,3921
Lüen,7027,3921
Calfreisen,7027,3921
St. Peter,7028,3921
Pagig,7028,3921
Peist,7029,3921
Arosa,7050,3921
Molinis,7056,3921
Langwies,7057,3921
Litzirüti,7058,3921
Praden,7063,3932
Tschiertschen,7064,3932
Haldenstein,7023,3941
Says,7202,3945
Trimmis,7203,3945
Untervaz,7204,3946
Zizers,7205,3947
Fläsch,7306,3951
Jenins,7307,3952
Maienfeld,7304,3953
Malans GR,7208,3954
Igis,7206,3955
Landquart,7302,3955
Mastrils,7303,3955
Valzeina,7213,3961
Grüsch,7214,3961
Fanas,7215,3961
Schiers,7220,3962
Schiers,7220,3962
Lunden,7222,3962
Stels,7226,3962
Stels,7226,3962
Fajauna,7226,3962
Schuders,7228,3962
Pusserein,7228,3962
Seewis Dorf,7212,3972
Seewis-Pardisla,7212,3972
Seewis-Schmitten,7212,3972
Waltensburg/Vuorz,7158,3981
Andiast,7159,3981
Tavanasa,7162,3981
Danis,7163,3981
Dardin,7164,3981
Breil/Brigels,7165,3981
Disentis/Mustér,7180,3982
Cavardiras,7182,3982
Mumpé Medel,7183,3982
Segnas,7186,3982
Curaglia,7184,3983
Platta,7185,3983
Rabius,7172,3985
Surrein,7173,3985
S. Benedetg,7174,3985
Sumvitg,7175,3985
Cumpadials,7176,3985
Camischolas,7187,3986
Sedrun,7188,3986
Rueras,7189,3986
Trun,7166,3987
Zignau,7167,3987
Schlans,7168,3987
Obersaxen,7134,3988
Flond,7137,3988
Surcuolm,7138,3988
Aarau,5000,4001
Aarau,5004,4001
Aarau Rohr,5032,4001
Biberstein,5023,4002
Buchs AG,5033,4003
Asp,5025,4004
Densbüren,5026,4004
Barmelweid,5017,4005
Erlinsbach,5018,4005
Gränichen,5722,4006
Hirschthal,5042,4007
Rombach,5022,4008
Küttigen,5024,4008
Muhen,5037,4009
Oberentfelden,5036,4010
Suhr,5034,4012
Unterentfelden,5035,4013
Baden,5400,4021
Baden,5404,4021
Dättwil AG,5405,4021
Rütihof,5406,4021
Bellikon,5454,4022
Bergdietikon,8962,4023
Birmenstorf AG,5413,4024
Ennetbaden,5408,4026
Fislisbach,5442,4027
Freienwil,5423,4028
Gebenstorf,5412,4029
Vogelsang AG,5412,4029
Killwangen,8956,4030
Künten,5444,4031
Mägenwil,5506,4032
Mellingen,5507,4033
Neuenhof,5432,4034
Niederrohrdorf,5443,4035
Oberrohrdorf,5452,4037
Nussbaumen AG,5415,4038
Hertenstein AG,5415,4038
Rieden AG,5415,4038
Kirchdorf AG,5416,4038
Remetschwil,5453,4039
Spreitenbach,8957,4040
Stetten AG,5608,4041
Turgi,5300,4042
Siggenthal Station,5301,4044
Untersiggenthal,5417,4044
Wettingen,5430,4045
Wohlenschwil,5512,4046
Würenlingen,5303,4047
Würenlos,5436,4048
Kloster Fahr,8109,4048
Ehrendingen,5420,4049
Arni AG,8905,4061
Berikon,8965,4062
Bremgarten AG,5620,4063
Hermetschwil-Staffeln,5626,4063
Büttikon AG,5619,4064
Dottikon,5605,4065
Eggenwil,5445,4066
Fischbach-Göslikon,5525,4067
Hägglingen,5607,4068
Jonen,8916,4071
Niederwil AG,5524,4072
Nesselnbach,5524,4072
Oberlunkhofen,8917,4073
Oberwil-Lieli,8966,4074
Rudolfstetten,8964,4075
Sarmenstorf,5614,4076
Tägerig,5522,4077
Uezwil,5619,4078
Unterlunkhofen,8918,4079
Villmergen,5612,4080
Hilfikon,5613,4080
Widen,8967,4081
Wohlen AG,5610,4082
Anglikon,5611,4082
Zufikon,5621,4083
Islisberg,8905,4084
Auenstein,5105,4091
Birr,5242,4092
Birrhard,5244,4093
Bözen,5076,4094
Schinznach Bad,5116,4095
Brugg AG,5200,4095
Umiken,5222,4095
Effingen,5078,4096
Elfingen,5077,4097
Habsburg,5245,4099
Hausen AG,5212,4100
Lupfig,5242,4104
Scherz,5246,4104
Mandach,5318,4105
Mönthal,5237,4106
Mülligen,5243,4107
Remigen,5236,4110
Riniken,5223,4111
Rüfenach AG,5235,4112
Thalheim AG,5112,4117
Veltheim AG,5106,4120
Stilli,5233,4121
Villigen,5234,4121
Villnachern,5213,4122
Windisch,5210,4123
Bözberg,5225,4124
Schinznach Dorf,5107,4125
Oberflachs,5108,4125
Beinwil am See,5712,4131
Birrwil,5708,4132
Burg AG,5736,4133
Dürrenäsch,5724,4134
Gontenschwil,5728,4135
Holziken,5043,4136
Leimbach AG,5733,4137
Leutwil,5725,4138
Menziken,5737,4139
Oberkulm,5727,4140
Reinach AG,5734,4141
Schlossrued,5044,4142
Schmiedrued,5046,4143
Walde AG,5046,4143
Schöftland,5040,4144
Teufenthal AG,5723,4145
Unterkulm,5726,4146
Zetzwil,5732,4147
Eiken,5074,4161
Frick,5070,4163
Gansingen,5272,4164
Gipf-Oberfrick,5073,4165
Herznach,5027,4166
Hornussen,5075,4167
Kaisten,5082,4169
Ittenthal,5083,4169
Laufenburg,5080,4170
Rheinsulz,5084,4170
Sulz AG,5085,4170
Münchwilen AG,4333,4172
Oberhof,5062,4173
Oeschgen,5072,4175
Schwaderloch,5326,4176
Sisseln AG,4334,4177
Ueken,5028,4179
Wittnau,5064,4181
Wölflinswil,5063,4182
Zeihen,5079,4183
Oberhofen AG,5273,4184
Mettau,5274,4184
Etzgen,5275,4184
Wil AG,5276,4184
Hottwil,5277,4184
Ammerswil AG,5600,4191
Boniswil,5706,4192
Brunegg,5505,4193
Dintikon,5606,4194
Egliswil,5704,4195
Fahrwangen,5615,4196
Hallwil,5705,4197
Hendschiken,5604,4198
Holderbank AG,5113,4199
Hunzenschwil,5502,4200
Lenzburg,5600,4201
Meisterschwanden,5616,4202
Tennwil,5617,4202
Wildegg,5103,4203
Möriken AG,5103,4203
Niederlenz,5702,4204
Othmarsingen,5504,4205
Rupperswil,5102,4206
Schafisheim,5503,4207
Seengen,5707,4208
Seon,5703,4209
Staufen,5603,4210
Abtwil AG,5646,4221
Aristau,5628,4222
Auw,5644,4223
Beinwil (Freiamt),5637,4224
Besenbüren,5627,4226
Bettwil,5618,4227
Boswil,5623,4228
Bünzen,5624,4229
Waldhäusern AG,5624,4229
Buttwil,5632,4230
Dietwil,6042,4231
Geltwil,5637,4232
Kallern,5625,4233
Merenschwand,5634,4234
Benzenschwil,5636,4234
Mühlau,5642,4235
Muri AG,5630,4236
Oberrüti,5647,4237
Rottenschwil,8919,4238
Sins,5643,4239
Sins,5643,4239
Alikon,5643,4239
Meienberg,5643,4239
Aettenschwil,5645,4239
Fenkrieden,5645,4239
Waltenschwil,5622,4240
Hellikon,4316,4251
Kaiseraugst,4303,4252
Magden,4312,4253
Möhlin,4313,4254
Mumpf,4322,4255
Obermumpf,4324,4256
Olsberg,4305,4257
Rheinfelden,4310,4258
Schupfart,4325,4259
Stein AG,4332,4260
Wallbach,4323,4261
Wegenstetten,4317,4262
Zeiningen,4314,4263
Zuzgen,4315,4264
Aarburg,4663,4271
Bottenwil,4814,4273
Brittnau,4805,4274
Kirchleerau,5054,4275
Kölliken,5742,4276
Moosleerau,5054,4277
Murgenthal,4853,4279
Riken AG,4853,4279
Glashütten,4856,4279
Oftringen,4665,4280
Attelwil,5056,4281
Reitnau,5057,4281
Rothrist,4852,4282
Safenwil,5745,4283
Staffelbach,5053,4284
Wittwil,5053,4284
Strengelbach,4802,4285
Uerkheim,4813,4286
Vordemwald,4803,4287
Wiliberg,5058,4288
Zofingen,4800,4289
Mühlethal,4812,4289
Baldingen,5333,4301
Böbikon,5334,4302
Kleindöttingen,5314,4303
Böttstein,5315,4303
Döttingen,5312,4304
Endingen,5304,4305
Unterendingen,5305,4305
Fisibach,5467,4306
Full-Reuenthal,5324,4307
Kaiserstuhl AG,5466,4308
Klingnau,5313,4309
Koblenz,5322,4310
Leibstadt,5325,4311
Lengnau AG,5426,4312
Leuggern,5316,4313
Hettenschwil,5317,4313
Mellikon,5465,4314
Rekingen AG,5332,4315
Rietheim,5323,4316
Rümikon AG,5464,4317
Schneisingen,5425,4318
Siglistorf,5462,4319
Tegerfelden,5306,4320
Wislikofen,5463,4322
Bad Zurzach,5330,4323
Arbon,9320,4401
Frasnacht,9320,4401
Stachen,9320,4401
Dozwil,8582,4406
Steinebrunn,9314,4411
Neukirch (Egnach),9315,4411
Winden,9315,4411
Egnach,9322,4411
Hefenhofen,8580,4416
Horn,9326,4421
Kesswil,8593,4426
Freidorf TG,9306,4431
Roggwil TG,9325,4431
Romanshorn,8590,4436
Salmsach,8599,4441
Sommeri,8580,4446
Uttwil,8592,4451
Amriswil,8580,4461
Hagenwil b. Amriswil,8580,4461
Biessenhofen,8580,4461
Schocherswil,8581,4461
Oberaach,8587,4461
Bischofszell,9220,4471
Schweizersholz,9223,4471
Halden,9223,4471
Erlen,8586,4476
Kümmertshausen,8586,4476
Riedt b. Erlen,8586,4476
Buchackern,8586,4476
Engishofen,8586,4476
Ennetaach,8586,4476
Hauptwil,9213,4486
Wilen (Gottshaus),9225,4486
St. Pelagiberg,9225,4486
Heldswil,9216,4495
Hohentannen,9216,4495
Kradolf,9214,4501
Schönenberg an der Thur,9215,4501
Buhwil,9215,4501
Neukirch an der Thur,9217,4501
Sulgen,8583,4506
Götighofen,8583,4506
Donzhausen,8583,4506
Zihlschlacht,8588,4511
Sitterdorf,8589,4511
Basadingen,8254,4536
Schlattingen,8255,4536
Diessenhofen,8253,4545
Willisdorf,8253,4545
Schlatt TG,8252,4546
Aadorf,8355,4551
Ettenhausen TG,8356,4551
Guntershausen b. Aadorf,8357,4551
Häuslenen,8522,4551
Aawangen,8522,4551
Wittenwil,9547,4551
Felben-Wellhausen,8552,4561
Frauenfeld,8500,4566
Gerlikon,8500,4566
Islikon,8546,4571
Kefikon TG,8546,4571
Gachnang,8547,4571
Harenwilen,8553,4590
Mettendorf TG,8553,4590
Hüttlingen,8553,4590
Eschikofen,8553,4590
Matzingen,9548,4591
Niederneunforn,8525,4601
Oberneunforn,8526,4601
Stettfurt,9507,4606
Thundorf,8512,4611
Lustdorf,8512,4611
Wetzikon TG,8512,4611
Uesslingen,8524,4616
Buch b. Frauenfeld,8524,4616
Warth,8532,4621
Weiningen TG,8532,4621
Altnau,8595,4641
Bottighofen,8598,4643
Ermatingen,8272,4646
Triboltingen,8273,4646
Gottlieben,8274,4651
Güttingen,8594,4656
Hugelshofen,8565,4666
Neuwilen,8566,4666
Dotnacht,8566,4666
Ellighausen,8566,4666
Lippoldswilen,8566,4666
Siegershausen,8573,4666
Alterswilen,8573,4666
Altishausen,8573,4666
Kreuzlingen,8280,4671
Langrickenbach,8585,4681
Zuben,8585,4681
Schönenbaumgarten,8585,4681
Herrenhof,8585,4681
Illighausen,8574,4683
Oberhofen TG,8574,4683
Lengwil,8574,4683
Lengwil,8574,4683
Dettighofen (Lengwil),8574,4683
Scherzingen,8596,4691
Münsterlingen,8596,4691
Landschlacht,8597,4691
Tägerwilen,8274,4696
Hefenhausen,8564,4701
Engwilen,8564,4701
Sonterswil,8564,4701
Wäldi,8564,4701
Lipperswil,8564,4701
Hattenhausen,8564,4701
Gunterswilen,8564,4701
Affeltrangen,9556,4711
Zezikon,9556,4711
Märwil,9562,4711
Buch b. Märwil,9562,4711
Bettwiesen,9553,4716
Balterswil,8362,4721
Bichelsee,8363,4721
Braunau,9502,4723
Eschlikon TG,8360,4724
Wallenwil,8360,4724
Dussnang,8374,4726
Oberwangen TG,8374,4726
Fischingen,8376,4726
Au TG,8376,4726
Lommis,9506,4741
Weingarten-Kalthäusern,9508,4741
Münchwilen TG,9542,4746
St. Margarethen TG,9543,4746
Rickenbach b. Wil,9532,4751
Schönholzerswilen,8577,4756
Sirnach,8370,4761
Busswil TG,8371,4761
Wiezikon b. Sirnach,8372,4761
Littenheid,9573,4761
Tägerschen,9554,4776
Tobel,9555,4776
Wängi,9545,4781
Tuttwil,9546,4781
Wilen b. Wil,9535,4786
Wuppenau,9514,4791
Hosenruck,9515,4791
Berlingen,8267,4801
Eschenz,8264,4806
Lanzenneunforn,8506,4811
Herdern,8535,4811
Hörhausen,8507,4816
Homburg,8508,4816
Hüttwilen,8536,4821
Nussbaumen TG,8537,4821
Uerschhausen,8537,4821
Mammern,8265,4826
Müllheim Dorf,8555,4831
Pfyn,8505,4841
Dettighofen,8505,4841
Raperswilen,8558,4846
Mannenbach-Salenstein,8268,4851
Salenstein,8268,4851
Fruthwilen,8269,4851
Steckborn,8266,4864
Kaltenbach,8259,4871
Etzwilen,8259,4871
Rheinklingen,8259,4871
Wagenhausen,8259,4871
Amlikon-Bissegg,8514,4881
Berg TG,8572,4891
Berg TG,8572,4891
Andhausen,8572,4891
Graltshausen,8572,4891
Guntershausen b. Berg,8572,4891
Mauren TG,8576,4891
Mattwil,8585,4901
Happerswil,8585,4901
Birwinken,8585,4901
Klarsreuti,8585,4901
Andwil TG,8586,4901
Buch b. Kümmertshausen,8586,4901
Bürglen TG,8575,4911
Istighofen,8575,4911
Leimbach TG,8584,4911
Opfershofen TG,8584,4911
Stehrenberg,9503,4921
Lanterswil,9503,4921
Friltschen,9504,4921
Mettlen,9517,4921
Bussnang,9565,4921
Oberbussnang,9565,4921
Oppikon,9565,4921
Schmidshof,9565,4921
Rothenhausen,9565,4921
Märstetten,8560,4941
Ottoberg,8561,4941
Weinfelden,8570,4946
Müllheim-Wigoltingen,8554,4951
Bonau,8554,4951
Wigoltingen,8556,4951
Engwang,8556,4951
Illhart,8556,4951
Lamperswil TG,8556,4951
Wagerswil,8564,4951
Arbedo,6517,5001
Castione,6532,5001
Bellinzona,6500,5002
Bellinzona,6503,5002
Giubiasco,6512,5002
Monte Carasso,6513,5002
Sementina,6514,5002
Gudo,6515,5002
Gorduno,6518,5002
Preonzo,6523,5002
Moleno,6524,5002
Gnosca,6525,5002
Camorino,6528,5002
Pianezzo,6582,5002
S. Antonio (Val Morobbia),6583,5002
Carena,6584,5002
Claro,6702,5002
Cadenazzo,6593,5003
Robasacco,6599,5003
Isone,6810,5009
Lumino,6533,5010
S. Antonino,6592,5017
Dongio,6715,5048
Acquarossa,6716,5048
Leontica,6716,5048
Lottigna,6716,5048
Motto (Blenio),6721,5048
Corzoneso,6722,5048
Prugiasco,6723,5048
Castro,6723,5048
Marolta,6723,5048
Ponto Valentino,6724,5048
Largario,6724,5048
Dangio,6717,5049
Torre,6717,5049
Olivone,6718,5049
Camperio,6718,5049
Aquila,6719,5049
Aquila,6719,5049
Campo (Blenio),6720,5049
Ghirone,6720,5049
Malvaglia,6713,5050
Semione,6714,5050
Ludiano,6721,5050
Airolo,6780,5061
Madrano,6780,5061
Villa Bedretto,6781,5063
Bedretto,6781,5063
Bodio TI,6743,5064
Dalpe,6774,5071
Lavorgo,6746,5072
Calonico,6746,5072
Nivo,6746,5072
Chironico,6747,5072
Anzonico,6748,5072
Sobrio,6749,5072
Cavagnago,6749,5072
Faido,6760,5072
Molare,6760,5072
Calpiogna,6760,5072
Campello,6760,5072
Carì,6760,5072
Rossura,6760,5072
Osco,6763,5072
Mairengo,6763,5072
Chiggiogna,6764,5072
Chiggiogna,6764,5072
Giornico,6745,5073
Personico,6744,5076
Pollegio,6742,5077
Rodi-Fiesso,6772,5078
Prato (Leventina),6773,5078
Ambrì,6775,5079
Piotta,6776,5079
Quinto,6777,5079
Varenzo,6777,5079
Ascona,6612,5091
Brione sopra Minusio,6645,5096
Brissago,6614,5097
Isole di Brissago,6614,5097
Gordola,6596,5108
Riazzino,6595,5112
Locarno,6600,5113
Locarno,6600,5113
Solduno,6600,5113
Locarno,6605,5113
Losone,6616,5115
Arcegno,6618,5115
Mergoscia,6647,5117
Minusio,6648,5118
Muralto,6600,5120
Orselina,6644,5121
Porto Ronco,6613,5125
Ronco sopra Ascona,6622,5125
Tenero,6598,5131
Contra,6646,5131
Mosogno,6611,5136
Gresso,6611,5136
Crana,6611,5136
Loco,6661,5136
Auressio,6661,5136
Berzona,6661,5136
Russo,6662,5136
Comologno,6663,5136
Spruga,6663,5136
Vergeletto,6664,5136
Cugnasco,6516,5138
Agarone,6597,5138
Agno,6982,5141
Cassina d'Agno,6990,5141
Aranno,6994,5143
Arogno,6822,5144
Pugerna,6823,5144
Astano,6999,5146
Bedano,6930,5148
Bedigliora,6981,5149
Bedigliora,6981,5149
Banco,6981,5149
Bioggio,6934,5151
Bosco Luganese,6935,5151
Cimo,6992,5151
Iseo,6993,5151
Bissone,6816,5154
Brusino Arsizio,6827,5160
Serpiano,6867,5160
Cademario,6936,5161
Cadempino,6814,5162
Canobbio,6952,5167
Caslano,6987,5171
Comano,6949,5176
Castelrotto,6980,5178
Biogno-Beride,6981,5178
Purasca,6989,5178
Madonna del Piano,6995,5178
Cureglia,6944,5180
Bombinasco,6981,5181
Curio,6986,5181
Grancia,6916,5186
Gravesano,6929,5187
Lamone,6814,5189
Lugano,6900,5192
Pazzallo,6912,5192
Carabbia,6913,5192
Carona,6914,5192
Pambio-Noranco,6915,5192
Barbengo,6917,5192
Figino,6918,5192
Breganzona,6932,5192
Insone,6951,5192
Scareglia,6951,5192
Colla,6951,5192
Bogno,6951,5192
Cozzo,6951,5192
Signôra,6951,5192
Maglio di Colla,6959,5192
Certara,6959,5192
Curtina,6959,5192
Cimadera,6959,5192
Piandera Paese,6959,5192
Piandera Paese,6959,5192
Viganello,6962,5192
Pregassona,6963,5192
Cureggia,6963,5192
Davesco-Soragno,6964,5192
Cadro,6965,5192
Villa Luganese,6966,5192
Dino,6967,5192
Sonvico,6968,5192
Aldesago,6974,5192
Castagnola,6976,5192
Ruvigliana,6977,5192
Gandria,6978,5192
Brè sopra Lugano,6979,5192
Magliaso,6983,5193
Manno,6928,5194
Maroggia,6817,5195
Massagno,6900,5196
Melano,6818,5197
Melide,6815,5198
Mezzovico,6805,5199
Mezzovico,6805,5199
Miglieglia,6986,5200
Monteggio,6998,5202
Morcote,6922,5203
Muzzano,6933,5205
Neggio,6991,5206
Novaggio,6986,5207
Origlio,6945,5208
Paradiso,6900,5210
Ponte Capriasca,6946,5212
Ponte Capriasca,6946,5212
Ponte Tresa,6988,5213
Porza,6948,5214
Pura,6984,5216
Rovio,6821,5219
Capolago,6825,5219
Savosa,6942,5221
Sessa,6997,5222
Sorengo,6924,5225
Taverne,6807,5226
Vaglio,6947,5226
Tesserete,6950,5226
Lugaggia,6953,5226
Sala Capriasca,6954,5226
Bigorio,6954,5226
Cagiallo,6955,5226
Oggio,6955,5226
Lopagno,6956,5226
Roveredo TI,6957,5226
Bidogno,6958,5226
Corticiasca,6958,5226
Corticiasca,6958,5226
Odogno,6960,5226
Taverne,6807,5227
Torricella,6808,5227
Vernate,6992,5230
Vezia,6943,5231
Vico Morcote,6921,5233
Carabietta,6919,5236
Gentilino,6925,5236
Montagnola,6926,5236
Agra,6927,5236
Breno,6937,5237
Vezio,6938,5237
Fescoggia,6938,5237
Mugena,6939,5237
Arosio,6939,5237
Rivera,6802,5238
Camignolo,6803,5238
Bironico,6804,5238
Sigirino,6806,5238
Medeglia,6809,5238
Balerna,6828,5242
Corteglia,6873,5249
Castel San Pietro,6874,5249
Monte,6875,5249
Casima,6875,5249
Campora,6875,5249
Chiasso,6830,5250
Pedrinate,6832,5250
Seseglio,6832,5250
Coldrerio,6877,5251
Capolago,6825,5254
Mendrisio,6850,5254
Genestrerio,6852,5254
Ligornetto,6853,5254
Rancate,6862,5254
Besazio,6863,5254
Arzo,6864,5254
Tremona,6865,5254
Meride,6866,5254
Salorino,6872,5254
Somazzo,6872,5254
Morbio Inferiore,6834,5257
Novazzano,6883,5260
Riva San Vitale,6826,5263
S. Pietro,6854,5266
Stabio,6855,5266
Vacallo,6833,5268
Morbio Superiore,6835,5269
Caneggio,6837,5269
Bruzella,6837,5269
Muggio,6838,5269
Cabbio,6838,5269
Scudellate,6838,5269
Sagno,6839,5269
Biasca,6710,5281
Prosito,6526,5287
Lodrino,6527,5287
Osogna,6703,5287
Cresciano,6705,5287
Iragna,6707,5287
Bosco/Gurin,6685,5304
Niva (Vallemaggia),6683,5307
Campo (Vallemaggia),6684,5307
Cimalmotto,6684,5307
Cerentino,6683,5309
Cevio,6675,5310
Bignasco,6676,5310
Cavergno,6690,5310
S. Carlo (Val Bavona),6690,5310
Linescio,6682,5315
Maggia,6673,5317
Someo,6674,5317
Riveo,6674,5317
Aurigeno,6677,5317
Moghegno,6677,5317
Giumaglio,6678,5317
Lodano,6678,5317
Coglio,6678,5317
Menzonio,6692,5323
Brontallo,6692,5323
Broglio,6693,5323
Prato-Sornico,6694,5323
Peccia,6695,5323
Piano di Peccia,6695,5323
Fusio,6696,5323
Avegno,6670,5324
Gordevio,6672,5324
Medeglia,6809,5391
Tegna,6652,5396
Verscio,6653,5396
Cavigliano,6654,5396
Intragna,6655,5397
Verdasio,6655,5397
Rasa,6655,5397
Golino,6656,5397
Palagnedra,6657,5397
Borgnone,6658,5397
Camedo,6659,5397
Moneto,6659,5397
Indemini,6571,5398
Quartino,6572,5398
Magadino,6573,5398
Vira (Gambarogno),6574,5398
S. Nazzaro,6575,5398
Vairano,6575,5398
Gerra (Gambarogno),6576,5398
Ranzo,6577,5398
Caviano,6578,5398
Piazzogna,6579,5398
Contone,6594,5398
Corippo,6631,5399
Vogorno,6632,5399
Lavertezzo,6633,5399
Brione (Verzasca),6634,5399
Gerra (Verzasca),6635,5399
Frasco,6636,5399
Sonogno,6637,5399
Aigle,1860,5401
Bex,1880,5402
Frenières-sur-Bex,1880,5402
Fenalet-sur-Bex,1880,5402
Les Plans-sur-Bex,1880,5402
Les Posses-sur-Bex,1880,5402
Chessel,1846,5403
Corbeyrier,1856,5404
Gryon,1882,5405
Lavey-Village,1892,5406
Lavey-les-Bains,1892,5406
Morcles,1892,5406
Leysin,1854,5407
Noville,1845,5408
Ollon VD,1867,5409
St-Triphon,1867,5409
Panex,1867,5409
Villars-sur-Ollon,1884,5409
Arveyes,1884,5409
Huémoz,1884,5409
Chesières,1885,5409
Les Mosses,1862,5410
La Comballaz,1862,5410
Le Sépey,1863,5410
La Forclaz VD,1866,5410
Vers-l'Eglise,1864,5411
Les Diablerets,1865,5411
Rennaz,1847,5412
Roche VD,1852,5413
Villeneuve VD,1844,5414
Yvorne,1853,5415
Apples,1143,5421
Aubonne,1170,5422
Pizy,1174,5422
Ballens,1144,5423
Berolle,1149,5424
Bière,1145,5425
Bougy-Villars,1172,5426
Féchy,1173,5427
Gimel,1188,5428
Longirod,1261,5429
Marchissy,1261,5430
Mollens VD,1146,5431
Montherod,1174,5432
St-George,1188,5434
St-Livres,1176,5435
St-Oyens,1187,5436
Saubraz,1189,5437
Avenches,1580,5451
Oleyres,1580,5451
Donatyre,1580,5451
Cudrefin,1588,5456
Faoug,1595,5458
Villars-le-Grand,1584,5464
Salavaux,1585,5464
Bellerive VD,1585,5464
Cotterd,1585,5464
Vallamand,1586,5464
Montmagny,1587,5464
Constantine,1587,5464
Chabrey,1589,5464
Mur (Vully) VD,1787,5464
Bettens,1042,5471
Bournens,1035,5472
Boussens,1034,5473
La Chaux (Cossonay),1308,5474
Chavannes-le-Veyron,1148,5475
Chevilly,1316,5476
Cossonay-Ville,1304,5477
Allens,1304,5477
Cottens VD,1116,5478
Cuarnens,1148,5479
Daillens,1306,5480
Dizy,1304,5481
Eclépens,1312,5482
Ferreyres,1313,5483
Gollion,1124,5484
Grancy,1117,5485
L'Isle,1148,5486
Villars-Bozon,1148,5486
La Coudre,1148,5486
Lussery-Villars,1307,5487
Mauraz,1148,5488
Mex VD,1031,5489
Moiry VD,1148,5490
Mont-la-Ville,1148,5491
Montricher,1147,5492
Orny,1317,5493
Pampigny,1142,5494
Penthalaz,1305,5495
Penthaz,1303,5496
Pompaples,1318,5497
La Sarraz,1315,5498
Senarclens,1304,5499
Sévery,1141,5500
Sullens,1036,5501
Vufflens-la-Ville,1302,5503
Assens,1042,5511
Bercher,1038,5512
Bioley-Orjulaz,1042,5513
Bottens,1041,5514
Bretigny-sur-Morrens,1053,5515
Cugy VD,1053,5516
Echallens,1040,5518
Essertines-sur-Yverdon,1417,5520
Epautheyres,1417,5520
Etagnières,1037,5521
Fey,1044,5522
Froideville,1055,5523
Morrens VD,1054,5527
Oulens-sous-Echallens,1377,5529
Pailly,1416,5530
Penthéréaz,1375,5531
Poliez-Pittet,1041,5533
Rueyres,1046,5534
St-Barthélemy VD,1040,5535
Villars-le-Terroir,1040,5537
Vuarrens,1418,5539
Dommartin,1041,5540
Naz,1041,5540
Poliez-le-Grand,1041,5540
Sugnens,1043,5540
Goumoens-la-Ville,1376,5541
Eclagnens,1376,5541
Goumoens-le-Jux,1376,5541
Bonvillars,1427,5551
Les Rasses,1452,5552
Bullet,1453,5552
Champagne,1424,5553
Concise,1426,5554
Corcelles-près-Concise,1426,5555
Fiez,1420,5556
Fontaines-sur-Grandson,1421,5557
Giez,1429,5559
Grandevent,1421,5560
Grandson,1422,5561
Mauborget,1453,5562
Mutrux,1428,5563
Novalles,1431,5564
Onnens VD,1425,5565
Provence,1428,5566
Ste-Croix,1450,5568
La Sagne (Ste-Croix),1450,5568
Le Château-de-Ste-Croix,1450,5568
L'Auberson,1454,5568
La Vraconnaz,1454,5568
Villars-Burquin,1423,5571
Fontanezier,1423,5571
Romairon,1423,5571
Vaugondry,1423,5571
Belmont-sur-Lausanne,1092,5581
Cheseaux-sur-Lausanne,1033,5582
Crissier,1023,5583
Epalinges,1066,5584
Jouxtens-Mézery,1008,5585
Lausanne 25,1000,5586
Lausanne 26,1000,5586
Lausanne 27,1000,5586
Lausanne,1003,5586
Lausanne,1004,5586
Lausanne,1005,5586
Lausanne,1006,5586
Lausanne,1007,5586
Lausanne,1010,5586
Lausanne,1011,5586
Lausanne,1012,5586
Lausanne,1015,5586
Lausanne,1018,5586
Le Mont-sur-Lausanne,1052,5587
Paudex,1094,5588
Prilly,1008,5589
Pully,1009,5590
Les Monts-de-Pully,1068,5590
Renens VD,1020,5591
Romanel-sur-Lausanne,1032,5592
Chexbres,1071,5601
Forel (Lavaux),1072,5604
La Croix (Lutry),1090,5606
La Conversion,1093,5606
Lutry,1095,5606
Puidoux,1070,5607
Rivaz,1071,5609
St-Saphorin (Lavaux),1071,5610
Savigny,1073,5611
Mollie-Margot,1073,5611
Grandvaux,1091,5613
Aran,1091,5613
Chenaux,1091,5613
Cully,1096,5613
Villette (Lavaux),1096,5613
Riex,1097,5613
Epesses,1098,5613
Aclens,1123,5621
Bremblens,1121,5622
Buchillon,1164,5623
Bussigny,1030,5624
Bussy-Chardonney,1136,5625
Chavannes-près-Renens,1022,5627
Chigny,1134,5628
Clarmont,1127,5629
Denens,1135,5631
Denges,1026,5632
Echandens,1026,5633
Echichens,1112,5634
St-Saphorin-sur-Morges,1113,5634
Colombier VD,1114,5634
Monnaz,1125,5634
Ecublens VD,1024,5635
Etoy,1163,5636
Lavigny,1175,5637
Lonay,1027,5638
Lully VD,1132,5639
Lussy-sur-Morges,1167,5640
Morges,1110,5642
Préverenges,1028,5643
Reverolle,1128,5644
Romanel-sur-Morges,1122,5645
St-Prex,1162,5646
St-Sulpice VD,1025,5648
Tolochenaz,1131,5649
Vaux-sur-Morges,1126,5650
Villars-Ste-Croix,1029,5651
Villars-sous-Yens,1168,5652
Vufflens-le-Château,1134,5653
Vullierens,1115,5654
Yens,1169,5655
Boulens,1063,5661
Bussy-sur-Moudon,1514,5663
Chavannes-sur-Moudon,1512,5665
Curtilles,1521,5669
Dompierre VD,1682,5671
Hermenches,1513,5673
Lovatens,1682,5674
Lucens,1522,5675
Oulens-sur-Lucens,1522,5675
Forel-sur-Lucens,1526,5675
Cremin,1526,5675
Brenles,1683,5675
Chesalles-sur-Moudon,1683,5675
Sarzens,1683,5675
Moudon,1510,5678
Ogens,1045,5680
Prévonloup,1682,5683
Rossenges,1513,5684
Syens,1510,5688
Villars-le-Comte,1515,5690
Vucherens,1509,5692
Chapelle-sur-Moudon,1063,5693
Martherenges,1063,5693
Peyres-Possens,1063,5693
Chanéaz,1409,5693
Thierrens,1410,5693
Correvon,1410,5693
Denezy,1410,5693
St-Cierges,1410,5693
Neyruz-sur-Moudon,1515,5693
Arnex-sur-Nyon,1277,5701
Arzier-Le Muids,1273,5702
Bassins,1269,5703
Begnins,1268,5704
Bogis-Bossey,1279,5705
Borex,1277,5706
Chavannes-de-Bogis,1279,5707
Chavannes-des-Bois,1290,5708
Chéserex,1275,5709
Coinsins,1267,5710
Commugny,1291,5711
Coppet,1296,5712
Crans-près-Céligny,1299,5713
Crassier,1263,5714
Duillier,1266,5715
Eysins,1262,5716
Founex,1297,5717
Genolier,1272,5718
Gingins,1276,5719
Givrins,1271,5720
Gland,1196,5721
Grens,1274,5722
Mies,1295,5723
Nyon,1260,5724
Prangins,1197,5725
La Rippe,1278,5726
St-Cergue,1264,5727
La Cure,1265,5727
Signy,1274,5728
Tannay,1295,5729
Trélex,1270,5730
Le Vaud,1261,5731
Vich,1267,5732
L'Abergement,1355,5741
Agiez,1352,5742
Arnex-sur-Orbe,1321,5743
Ballaigues,1338,5744
Baulmes,1446,5745
Bavois,1372,5746
Bofflens,1353,5747
Bretonnières,1329,5748
Chavornay,1373,5749
Corcelles-sur-Chavornay,1374,5749
Essert-Pittet,1435,5749
Les Clées,1356,5750
La Russille,1356,5750
Croy,1322,5752
Juriens,1326,5754
Lignerolle,1357,5755
Montcherand,1354,5756
Orbe,1350,5757
La Praz,1148,5758
Premier,1324,5759
Rances,1439,5760
Romainmôtier,1323,5761
Sergey,1355,5762
Valeyres-sous-Rances,1358,5763
Vallorbe,1337,5764
Vaulion,1325,5765
Vuiteboeuf,1445,5766
Corcelles-le-Jorat,1082,5785
Essertes,1078,5788
Maracon,1613,5790
Montpreveyres,1081,5792
Ropraz,1088,5798
Servion,1077,5799
Les Cullayes,1080,5799
Vulliens,1085,5803
Montaubion-Chardonney,1041,5804
Villars-Tiercelin,1058,5804
Peney-le-Jorat,1059,5804
Villars-Mendraz,1061,5804
Sottens,1062,5804
Palézieux,1607,5805
Palézieux-Village,1607,5805
Les Tavernes,1607,5805
Les Thioleyres,1607,5805
Oron-le-Châtel,1608,5805
Bussigny-sur-Oron,1608,5805
Chesalles-sur-Oron,1608,5805
Oron-la-Ville,1610,5805
Châtillens,1610,5805
Vuibroye,1610,5805
Ecoteaux,1612,5805
Ferlens VD,1076,5806
Mézières VD,1083,5806
Carrouge VD,1084,5806
Champtauroz,1537,5812
Chevroux,1545,5813
Corcelles-près-Payerne,1562,5816
Grandcour,1543,5817
Henniez,1525,5819
Missy,1565,5821
Payerne,1530,5822
Vers-chez-Perrin,1551,5822
Trey,1552,5827
Treytorrens (Payerne),1538,5828
Sédeilles,1554,5830
Rossens VD,1554,5830
Villarzel,1555,5830
Granges-près-Marnand,1523,5831
Marnand,1524,5831
Seigneux,1525,5831
Sassel,1534,5831
Combremont-le-Grand,1535,5831
Combremont-le-Petit,1536,5831
Villars-Bramard,1682,5831
Cerniaz VD,1682,5831
Château-d'Oex,1660,5841
Les Moulins,1660,5841
L'Etivaz,1660,5841
La Lécherette,1660,5841
Rossinière,1658,5842
La Tine,1658,5842
Rougemont,1659,5843
Flendruz,1659,5843
Allaman,1165,5851
Bursinel,1195,5852
Bursins,1183,5853
Burtigny,1268,5854
Dully,1195,5855
Essertines-sur-Rolle,1186,5856
Gilly,1182,5857
Luins,1184,5858
Mont-sur-Rolle,1185,5859
Perroy,1166,5860
Rolle,1180,5861
Tartegnin,1180,5862
Vinzel,1184,5863
Le Pont,1342,5871
L'Abbaye,1344,5871
Les Bioux,1346,5871
L'Orient,1341,5872
Le Sentier,1347,5872
Le Solliat,1347,5872
Le Brassus,1348,5872
Les Charbonnières,1343,5873
Le Lieu,1345,5873
Le Séchey,1345,5873
Blonay,1807,5881
Le Mont-Pèlerin,1801,5882
Chardonne,1803,5882
Corseaux,1802,5883
Corsier-sur-Vevey,1804,5884
Les Monts-de-Corsier,1808,5884
Fenil-sur-Corsier,1809,5884
Jongny,1805,5885
Clarens,1815,5886
Chailly-Montreux,1816,5886
Brent,1817,5886
Montreux,1820,5886
Territet,1820,5886
Chernex,1822,5886
Glion,1823,5886
Caux,1824,5886
Chamby,1832,5886
Villard-sur-Chamby,1832,5886
Les Avants,1833,5886
St-Légier-La Chiésaz,1806,5888
La Tour-de-Peilz,1814,5889
Vevey,1800,5890
Veytaux,1820,5891
Belmont-sur-Yverdon,1432,5902
Bioley-Magnoux,1407,5903
Chamblon,1436,5904
Champvent,1443,5905
Essert-sous-Champvent,1443,5905
Villars-sous-Champvent,1443,5905
Chavannes-le-Chêne,1464,5907
Chêne-Pâquier,1464,5908
Cheseaux-Noréaz,1400,5909
Cronay,1406,5910
Cuarny,1404,5911
Démoret,1415,5912
Donneloye,1407,5913
Gossens,1407,5913
Mézery-près-Donneloye,1407,5913
Prahins,1408,5913
Ependes VD,1434,5914
Mathod,1438,5919
Molondin,1415,5921
Montagny-près-Yverdon,1442,5922
Oppens,1047,5923
Orges,1430,5924
Orzens,1413,5925
Pomy,1405,5926
Rovray,1463,5928
Suchy,1433,5929
Suscévaz,1437,5930
Treycovagnes,1436,5931
Ursins,1412,5932
Valeyres-sous-Montagny,1441,5933
Valeyres-sous-Ursins,1412,5934
Villars-Epeney,1404,5935
Vugelles-La Mothe,1431,5937
Yverdon-les-Bains,1400,5938
Gressy,1432,5938
Yvonand,1462,5939
Brig,3900,6002
Gamsen,3900,6002
Brigerbad,3900,6002
Glis,3902,6002
Eggerberg,3939,6004
Mund,3903,6007
Birgisch,3903,6007
Naters,3904,6007
Blatten b. Naters,3914,6007
Belalp,3914,6007
Rothwald,3901,6008
Ried-Brig,3911,6008
Simplon Dorf,3907,6009
Simplon Hospiz,3907,6009
Gabi (Simplon),3907,6009
Termen,3912,6010
Rosswald,3913,6010
Gondo,3907,6011
Ardon,1957,6021
Chamoson,1955,6022
Mayens-de-Chamoson,1955,6022
Les Vérines (Chamoson),1955,6022
Némiaz (Chamoson),1955,6022
Grugnay (Chamoson),1955,6022
St-Pierre-de-Clages,1955,6022
Conthey,1964,6023
St-Séverin,1975,6023
Erde,1976,6023
Aven,1976,6023
Daillon,1976,6023
Clèbes (Nendaz),1993,6024
Aproz (Nendaz),1994,6024
Basse-Nendaz,1996,6024
Fey (Nendaz),1996,6024
Bieudron (Nendaz),1996,6024
Condémines (Nendaz),1996,6024
Saclentse,1996,6024
Baar (Nendaz),1996,6024
Beuson (Nendaz),1996,6024
Brignon (Nendaz),1996,6024
Haute-Nendaz,1997,6024
Siviez (Nendaz),1997,6024
Sornard (Nendaz),1997,6024
Vétroz,1963,6025
Le Châble VS,1934,6031
Bruson,1934,6031
Verbier,1936,6031
Versegères,1947,6031
Champsec,1947,6031
Lourtier,1948,6031
Fionnay,1948,6031
Sarreyer,1948,6031
Bourg-St-Pierre,1946,6032
Liddes,1945,6033
Fontaine Dessus (Liddes),1945,6033
Fontaine Dessous (Liddes),1945,6033
Dranse (Liddes),1945,6033
Chandonne (Liddes),1945,6033
Rive Haute (Liddes),1945,6033
Fornex (Liddes),1945,6033
Les Moulins VS (Liddes),1945,6033
Vichères (Liddes),1945,6033
Palasuit (Liddes),1945,6033
Chez Petit (Liddes),1945,6033
Petit Vichères (Liddes),1945,6033
Orsières,1937,6034
Champex-Lac,1938,6034
Praz-de-Fort,1943,6034
La Fouly VS,1944,6034
Sembrancher,1933,6035
Chamoille (Sembrancher),1933,6035
La Garde (Sembrancher),1933,6035
Chemin,1927,6036
Vens (Sembrancher),1933,6036
Vollèges,1941,6036
Cries (Vollèges),1941,6036
Levron,1942,6036
Fiesch,3984,6052
Bellwald,3997,6052
Binn,3996,6054
Ernen,3995,6056
Ausserbinn,3995,6056
Mühlebach (Goms),3995,6056
Mühlebach (Goms),3995,6056
Steinhaus,3995,6056
Steinhaus,3995,6056
Fiesch,3984,6057
Jungfraujoch,3801,6058
Fieschertal,3984,6058
Lax,3994,6061
Ulrichen,3988,6076
Obergesteln,3988,6076
Oberwald,3999,6076
Münster VS,3985,6077
Geschinen,3985,6077
Biel VS,3989,6077
Ritzingen,3989,6077
Selkingen,3989,6077
Niederwald,3989,6077
Blitzingen,3989,6077
Reckingen VS,3998,6077
Gluringen,3998,6077
Fortunau (Ayent),1966,6082
Luc (Ayent),1966,6082
St-Romain (Ayent),1966,6082
Saxonne (Ayent),1966,6082
Villa (Ayent),1966,6082
La Place (Ayent),1966,6082
Botyre (Ayent),1966,6082
Blignou (Ayent),1966,6082
Argnou (Ayent),1966,6082
Signèse (Ayent),1966,6082
Anzère,1972,6082
Evolène,1983,6083
Lanna,1983,6083
Les Haudères,1984,6083
La Tour VS,1984,6083
La Sage,1985,6083
La Forclaz VS,1985,6083
Villa (Evolène),1985,6083
Arolla,1986,6083
Euseigne,1982,6084
Hérémence,1987,6084
St-Martin VS,1969,6087
Liez (St-Martin),1969,6087
Trogne (St-Martin),1969,6087
Suen (St-Martin),1969,6087
Eison (St-Martin),1969,6087
Vex,1981,6089
Thyon,1988,6089
Les Collons,1988,6089
Les Mayens-de-Sion,1992,6089
Vernamiège,1961,6090
Mase,1968,6090
Nax,1973,6090
Agarn,3951,6101
Albinen,3955,6102
Ergisch,3947,6104
Inden,3953,6109
Susten,3952,6110
Leuk Stadt,3953,6110
Erschmatt,3957,6110
Leukerbad,3954,6111
Oberems,3948,6112
Salgesch,3970,6113
Varen,3953,6116
Guttet-Feschel,3956,6117
Gampel,3945,6118
Niedergampel,3945,6118
Bratsch,3957,6118
Turtmann,3946,6119
Gruben,3946,6119
Unterems,3948,6119
Bovernier,1932,6131
Les Valettes (Bovernier),1932,6131
Charrat,1906,6132
Fully,1926,6133
Isérables,1914,6134
Ovronnaz,1911,6135
Leytron,1912,6135
Produit (Leytron),1912,6135
Montagnon (Leytron),1912,6135
Dugny (Leytron),1912,6135
Martigny,1920,6136
Martigny-Croix,1921,6137
Ravoire,1928,6137
Riddes,1908,6139
Auddes-sur-Riddes,1914,6139
La Tzoumaz,1918,6139
Saillon,1913,6140
Saillon,1913,6140
Saxon,1907,6141
Trient,1929,6142
Champéry,1874,6151
Collombey,1868,6152
Collombey,1868,6152
Muraz (Collombey),1893,6152
Monthey,1870,6153
Monthey,1870,6153
Choëx,1871,6153
Les Giettes,1871,6153
Bouveret,1897,6154
Les Evouettes,1897,6154
St-Gingolph,1898,6155
Troistorrents,1872,6156
Morgins,1875,6156
Val-d'Illiez,1873,6157
Champoussin,1873,6157
Les Crosets,1873,6157
Vionnaz,1895,6158
Torgon,1899,6158
Vouvry,1896,6159
Miex,1896,6159
Bister,3983,6172
Bitsch,3982,6173
Grengiols,3993,6177
Goppisberg,3983,6181
Greich,3983,6181
Ried-Mörel,3986,6181
Riederalp,3987,6181
Ausserberg,3938,6191
Blatten (Lötschen),3919,6192
Bürchen,3935,6193
Eischoll,3943,6194
Ferden,3916,6195
Goppenstein,3917,6195
Kippel,3917,6197
Niedergesteln,3942,6198
Raron,3942,6199
St. German,3942,6199
Unterbäch VS,3944,6201
Wiler (Lötschen),3918,6202
Mörel,3983,6203
Filet,3983,6203
Steg VS,3940,6204
Hohtenn,3949,6204
Betten,3991,6205
Bettmeralp,3992,6205
Martisberg,3994,6205
Collonges,1903,6211
Dorénaz,1905,6212
Evionnaz,1902,6213
Finhaut,1925,6214
Le Châtelard VS,1925,6214
Massongex,1869,6215
St-Maurice,1890,6217
Mex VS,1890,6217
Salvan,1922,6218
Les Granges (Salvan),1922,6218
Les Marécottes,1923,6218
Le Trétien,1923,6218
Vernayaz,1904,6219
Vérossaz,1891,6220
Chalais,3966,6232
Réchy,3966,6232
Vercorin,3967,6232
Chippis,3965,6235
Grône,3979,6238
Icogne,1977,6239
Lens,1978,6240
Flanthey,3978,6240
Miège,3972,6241
St-Léonard,1958,6246
Sierre,3960,6248
Muraz (Sierre),3960,6248
Noës,3976,6248
Granges VS,3977,6248
Venthône,3973,6249
Veyras,3968,6250
Niouc,3960,6252
Vissoie,3961,6252
St-Luc,3961,6252
Chandolin,3961,6252
Ayer,3961,6252
Zinal,3961,6252
Grimentz,3961,6252
Mission,3961,6252
St-Jean VS,3961,6252
Corin-de-la-Crête,3960,6253
Loc,3960,6253
Crans-Montana,3963,6253
Montana,3963,6253
Aminona,3963,6253
Chermignon,3971,6253
Chermignon-d'en-Bas,3971,6253
Ollon VS,3971,6253
Mollens VS,3974,6253
Randogne,3975,6253
Champzabé,3976,6253
Arbaz,1974,6261
Grimisuat,1971,6263
Champlan (Grimisuat),1971,6263
Savièse,1965,6265
Sion,1950,6266
Uvrier,1958,6266
Pont-de-la-Morge (Sion),1962,6266
Bramois,1967,6266
Salins,1991,6266
Arvillard (Salins),1991,6266
Pravidondaz (Salins),1991,6266
Turin (Salins),1991,6266
Misériez (Salins),1991,6266
Les Agettes,1992,6266
La Vernaz (Les Agettes),1992,6266
Crête-à-l'Oeil (Les Agettes),1992,6266
Veysonnaz,1993,6267
Baltschieder,3937,6281
Baltschieder,3937,6281
Eisten,3922,6282
Kalpetran,3922,6283
Embd,3926,6283
Grächen,3925,6285
Lalden,3931,6286
Randa,3928,6287
Saas-Almagell,3905,6288
Saas-Balen,3908,6289
Saas-Fee,3906,6290
Saas-Grund,3910,6291
St. Niklaus VS,3924,6292
Herbriggen,3927,6292
Stalden VS,3922,6293
Staldenried,3933,6294
Täsch,3929,6295
Törbel,3923,6296
Visp,3930,6297
Eyholz,3930,6297
Visperterminen,3932,6298
Zeneggen,3934,6299
Zermatt,3920,6300
Areuse,2015,6404
Boudry,2017,6404
Corcelles NE,2035,6407
Cormondrèche,2036,6407
Cortaillod,2016,6408
Peseux,2034,6412
Rochefort,2019,6413
Chambrelien,2019,6413
Montezillon,2037,6413
Champ-du-Moulin,2149,6413
Fretereules,2149,6413
Brot-Dessous,2149,6413
Auvernier,2012,6416
Colombier NE,2013,6416
Bôle,2014,6416
Bevaix,2022,6417
Gorgier,2023,6417
St-Aubin-Sauges,2024,6417
Chez-le-Bart,2025,6417
Montalchez,2027,6417
Fresens,2027,6417
Vaumarcus,2028,6417
La Chaux-de-Fonds,2300,6421
La Cibourg,2300,6421
Le Crêt-du-Locle,2322,6421
La Cibourg,2333,6421
La Cibourg,2616,6421
Les Planchettes,2325,6422
La Sagne NE,2314,6423
Les Brenets,2416,6431
La Brévine,2406,6432
Les Taillères,2406,6432
La Châtagne,2406,6432
Le Brouillet,2406,6432
Brot-Plamboz,2318,6433
Le Cerneux-Péquignot,2414,6434
La Chaux-du-Milieu,2405,6435
Le Locle,2400,6436
Le Prévoux,2400,6436
Les Ponts-de-Martel,2316,6437
Petit-Martel,2316,6437
Cornaux NE,2087,6451
Cressier NE,2088,6452
Enges,2073,6453
Hauterive NE,2068,6454
Le Landeron,2525,6455
Lignières,2523,6456
Neuchâtel,2000,6458
Chaumont,2067,6458
St-Blaise,2072,6459
Marin-Epagnier,2074,6461
Thielle,2075,6461
Wavre,2075,6461
Valangin,2042,6485
Montmollin,2037,6487
Boudevilliers,2043,6487
Fontaines NE,2046,6487
Fontainemelon,2052,6487
La Vue-des-Alpes,2052,6487
Cernier,2053,6487
Chézard-St-Martin,2054,6487
Les Vieux-Prés,2054,6487
Dombresson,2056,6487
Villiers,2057,6487
Le Pâquier NE,2058,6487
Vilars NE,2063,6487
Engollon,2063,6487
Fenin,2063,6487
Saules,2063,6487
Savagnier,2065,6487
Les Geneveys-sur-Coffrane,2206,6487
Coffrane,2207,6487
Les Hauts-Geneveys,2208,6487
La Côte-aux-Fées,2117,6504
Les Verrières,2126,6511
Noiraigue,2103,6512
Travers,2105,6512
Couvet,2108,6512
Môtiers NE,2112,6512
Boveresse,2113,6512
Fleurier,2114,6512
Buttes,2115,6512
Mont-de-Buttes,2116,6512
St-Sulpice NE,2123,6512
Les Sagnettes,2124,6512
Les Bayards,2127,6512
Aire-la-Ville,1288,6601
Anières,1247,6602
Avully,1237,6603
Athenaz (Avusy),1285,6604
La Croix-de-Rozon,1257,6605
Bellevue,1293,6606
Bernex,1233,6607
Carouge GE,1227,6608
Cartigny,1236,6609
Céligny,1298,6610
Céligny,1298,6610
Chancy,1284,6611
Chêne-Bougeries,1224,6612
Conches,1231,6612
Chêne-Bourg,1225,6613
Choulex,1244,6614
Collex,1239,6615
Vésenaz,1222,6616
Collonge-Bellerive,1245,6616
Cologny,1223,6617
Confignon,1232,6618
Corsier GE,1246,6619
La Plaine,1283,6620
Dardagny,1283,6620
Genève,1201,6621
Genève,1202,6621
Genève,1203,6621
Genève,1204,6621
Genève,1205,6621
Genève,1206,6621
Genève,1207,6621
Genève,1208,6621
Genève,1209,6621
Les Acacias,1227,6621
Genthod,1294,6622
Genève,1215,6623
Le Grand-Saconnex,1218,6623
Gy,1251,6624
Hermance,1248,6625
Jussy,1254,6626
Laconnex,1287,6627
Grand-Lancy,1212,6628
Petit-Lancy,1213,6628
Meinier,1252,6629
Cointrin,1216,6630
Meyrin,1217,6630
Onex,1213,6631
Perly,1258,6632
Plan-les-Ouates,1228,6633
Chambésy,1292,6634
Presinge,1243,6635
Puplinge,1241,6636
Russin,1281,6637
Satigny,1242,6638
Soral,1286,6639
Thônex,1226,6640
Troinex,1256,6641
Vandoeuvres,1253,6642
Vernier,1214,6643
Le Lignon,1219,6643
Aïre,1219,6643
Châtelaine,1219,6643
Les Avanchets,1220,6643
Versoix,1290,6644
Vessy,1234,6645
Veyrier,1255,6645
Boécourt,2856,6702
Montavon,2857,6702
Bourrignon,2803,6703
Châtillon JU,2843,6704
Courchapoix,2825,6706
Courrendlin,2830,6708
Vellerat,2830,6708
Rebeuvelier,2832,6708
Courroux,2822,6709
Courcelon,2823,6709
Courtételle,2852,6710
Delémont,2800,6711
Develier,2802,6712
Ederswiler,2813,6713
Mervelier,2827,6715
Mettembert,2806,6716
Movelier,2812,6718
Pleigne,2807,6719
Lucelle,2807,6719
Rossemaison,2842,6721
Saulcy,2873,6722
Soyhières,2805,6724
Courfaivre,2853,6729
Bassecourt,2854,6729
Glovelier,2855,6729
Undervelier,2863,6729
Soulce,2864,6729
Vicques,2824,6730
Corban,2826,6730
Montsevelier,2828,6730
Vermes,2829,6730
Le Bémont JU,2360,6741
Les Bois,2336,6742
Les Breuleux,2345,6743
La Chaux-des-Breuleux,2345,6744
Les Enfers,2363,6745
Les Genevez JU,2714,6748
Le Prédame,2714,6748
Lajoux JU,2718,6750
Fornet-Dessus,2718,6750
Montfaucon,2362,6751
Montfavergier,2362,6751
Les Emibois,2338,6753
Muriaux,2338,6753
Le Cerneux-Veusil,2345,6753
Le Noirmont,2340,6754
Saignelégier,2350,6757
Les Pommerats,2353,6757
Goumois,2354,6757
St-Brais,2364,6758
St-Ursanne,2882,6758
Soubey,2887,6759
Alle,2942,6771
Beurnevésin,2935,6773
Boncourt,2926,6774
Bonfol,2944,6775
Bure,2915,6778
Coeuve,2932,6781
Cornol,2952,6782
Courchavon,2922,6783
Courgenay,2950,6784
Courtemautruy,2950,6784
Courtedoux,2905,6785
Damphreux,2933,6787
Fahy,2916,6789
Fontenais,2902,6790
Villars-sur-Fontenais,2903,6790
Bressaucourt,2904,6790
Grandfontaine,2908,6792
Lugnez,2933,6793
Porrentruy,2900,6800
Vendlincourt,2943,6806
Courtemaîche,2923,6807
Montignez,2924,6807
Buix,2925,6807
St-Ursanne,2882,6808
Montmelon,2883,6808
Montenol,2884,6808
Epauvillers,2885,6808
Epiquerez,2886,6808
Seleute,2888,6808
Ocourt,2889,6808
Chevenez,2906,6809
Rocourt,2907,6809
Réclère,2912,6809
Roche-d'Or,2912,6809
Damvant,2914,6809
Miécourt,2946,6810
Charmoille,2947,6810
Fregiécourt,2953,6810
Pleujouse,2953,6810
Asuel,2954,6810
Vaduz,9490,7001
Triesen,9495,7002
Balzers,9496,7003
Triesenberg,9497,7004
Schaan,9494,7005
Planken,9498,7006
Nendeln,9485,7007
Eschen,9492,7007
Schaanwald,9486,7008
Mauren FL,9493,7008
Gamprin-Bendern,9487,7009
Ruggell,9491,7010
Schellenberg,9488,7011
Thunersee,9999,9073
Brienzersee,9999,9089
Bielersee,9999,9149